AÃ‘O_ACCIDENTE,MES_ACCIDENTE,CLASE ACCIDENTE,SERVICIO_VEHICULO_ACCIDENTADO,CLASE_VEHICULO_ACCIDENTADO,CANTIDAD_VEHICULOS
2015,1,Atropello,PARTICULAR,AUTOMOVIL,3
2015,1,Atropello,PARTICULAR,MOTOCICLETA,5
2015,1,Atropello,PUBLICO,AUTOMOVIL,2
2015,1,Atropello,PUBLICO,BUS,1
2015,1,Atropello,PUBLICO,BUSETA,1
2015,1,Caida Ocupante,PUBLICO,BUS,1
2015,1,Caida Ocupante,PUBLICO,MICROBUS,1
2015,1,Choque,DIPLOMATICO,BICICLETA,5
2015,1,Choque,DIPLOMATICO,MOTOCICLETA,1
2015,1,Choque,OFICIAL,CAMPERO,1
2015,1,Choque,OFICIAL,MOTOCICLETA,1
2015,1,Choque,PARTICULAR,AUTOMOVIL,276
2015,1,Choque,PARTICULAR,CAMION,11
2015,1,Choque,PARTICULAR,CAMIONETA,92
2015,1,Choque,PARTICULAR,CAMPERO,34
2015,1,Choque,PARTICULAR,MICROBUS,1
2015,1,Choque,PARTICULAR,MOTOCARRO,2
2015,1,Choque,PARTICULAR,MOTOCICLETA,90
2015,1,Choque,PARTICULAR,TRACCION ANIMAL,1
2015,1,Choque,PARTICULAR,VOLQUETA,1
2015,1,Choque,PUBLICO,AUTOMOVIL,163
2015,1,Choque,PUBLICO,BUS,35
2015,1,Choque,PUBLICO,BUSETA,24
2015,1,Choque,PUBLICO,CAMION,34
2015,1,Choque,PUBLICO,CAMIONETA,16
2015,1,Choque,PUBLICO,CAMPERO,3
2015,1,Choque,PUBLICO,MICROBUS,15
2015,1,Choque,PUBLICO,TRACTO/CAMION,12
2015,1,Choque,PUBLICO,VOLQUETA,5
2015,1,Otro,PARTICULAR,AUTOMOVIL,1
2015,1,Otro,PARTICULAR,MOTOCICLETA,1
2015,1,Volcamiento,OFICIAL,MOTOCICLETA,1
2015,1,Volcamiento,PARTICULAR,AUTOMOVIL,1
2015,1,Volcamiento,PARTICULAR,MOTOCICLETA,1
2015,2,Atropello,OFICIAL,MOTOCICLETA,2
2015,2,Atropello,PARTICULAR,AUTOMOVIL,3
2015,2,Atropello,PARTICULAR,CAMIONETA,2
2015,2,Atropello,PARTICULAR,MOTOCICLETA,7
2015,2,Atropello,PUBLICO,AUTOMOVIL,2
2015,2,Atropello,PUBLICO,BUS,1
2015,2,Atropello,PUBLICO,MICROBUS,1
2015,2,Atropello,PUBLICO,TRACTO/CAMION,2
2015,2,Choque,DESCONOCIDO,DESCONOCIDA,1
2015,2,Choque,DIPLOMATICO,BICICLETA,1
2015,2,Choque,OFICIAL,AUTOMOVIL,1
2015,2,Choque,OFICIAL,CAMIONETA,1
2015,2,Choque,OFICIAL,CAMPERO,2
2015,2,Choque,OFICIAL,MOTOCICLETA,9
2015,2,Choque,PARTICULAR,AUTOMOVIL,296
2015,2,Choque,PARTICULAR,BUS,1
2015,2,Choque,PARTICULAR,CAMION,10
2015,2,Choque,PARTICULAR,CAMIONETA,96
2015,2,Choque,PARTICULAR,CAMPERO,33
2015,2,Choque,PARTICULAR,MICROBUS,1
2015,2,Choque,PARTICULAR,MOTOCARRO,1
2015,2,Choque,PARTICULAR,MOTOCICLETA,104
2015,2,Choque,PARTICULAR,TRACTO/CAMION,1
2015,2,Choque,PARTICULAR,VOLQUETA,1
2015,2,Choque,PUBLICO,AUTOMOVIL,179
2015,2,Choque,PUBLICO,BUS,52
2015,2,Choque,PUBLICO,BUSETA,23
2015,2,Choque,PUBLICO,CAMION,33
2015,2,Choque,PUBLICO,CAMIONETA,19
2015,2,Choque,PUBLICO,MICROBUS,14
2015,2,Choque,PUBLICO,TRACTO/CAMION,16
2015,2,Choque,PUBLICO,VOLQUETA,5
2015,2,Choque,No Aplica,AUTOMOVIL,1
2015,2,Incendio,PARTICULAR,CAMPERO,1
2015,2,Incendio,PUBLICO,BUS,1
2015,2,Otro,PUBLICO,AUTOMOVIL,1
2015,2,Otro,PUBLICO,BUS,1
2015,2,Otro,PUBLICO,TRACTO/CAMION,1
2015,3,Atropello,DESCONOCIDO,AUTOMOVIL,1
2015,3,Atropello,PARTICULAR,AUTOMOVIL,2
2015,3,Atropello,PARTICULAR,MOTOCICLETA,9
2015,3,Atropello,PUBLICO,AUTOMOVIL,2
2015,3,Atropello,PUBLICO,BUS,1
2015,3,Caida Ocupante,PARTICULAR,MOTOCICLETA,1
2015,3,Caida Ocupante,PUBLICO,BUS,1
2015,3,Choque,DESCONOCIDO,BICICLETA,3
2015,3,Choque,DESCONOCIDO,DESCONOCIDA,3
2015,3,Choque,DIPLOMATICO,BICICLETA,1
2015,3,Choque,DIPLOMATICO,CAMIONETA,1
2015,3,Choque,OFICIAL,CAMIONETA,5
2015,3,Choque,OFICIAL,CAMPERO,3
2015,3,Choque,OFICIAL,MOTOCICLETA,5
2015,3,Choque,PARTICULAR,AUTOMOVIL,336
2015,3,Choque,PARTICULAR,CAMION,8
2015,3,Choque,PARTICULAR,CAMIONETA,123
2015,3,Choque,PARTICULAR,CAMPERO,46
2015,3,Choque,PARTICULAR,MOTOCARRO,3
2015,3,Choque,PARTICULAR,MOTOCICLETA,149
2015,3,Choque,PARTICULAR,TRACCION ANIMAL,2
2015,3,Choque,PARTICULAR,TRACTO/CAMION,2
2015,3,Choque,PARTICULAR,VOLQUETA,2
2015,3,Choque,PUBLICO,AUTOMOVIL,215
2015,3,Choque,PUBLICO,BUS,60
2015,3,Choque,PUBLICO,BUSETA,31
2015,3,Choque,PUBLICO,CAMION,45
2015,3,Choque,PUBLICO,CAMIONETA,15
2015,3,Choque,PUBLICO,MICROBUS,18
2015,3,Choque,PUBLICO,TRACTO/CAMION,18
2015,3,Choque,PUBLICO,VOLQUETA,7
2015,3,Otro,PARTICULAR,CAMPERO,2
2015,3,Otro,PARTICULAR,MOTOCICLETA,2
2015,3,Volcamiento,PUBLICO,CAMION,2
2015,3,Volcamiento,PUBLICO,TRACTO/CAMION,1
2015,4,Atropello,PARTICULAR,AUTOMOVIL,1
2015,4,Atropello,PARTICULAR,CAMIONETA,1
2015,4,Atropello,PARTICULAR,MOTOCICLETA,12
2015,4,Atropello,PUBLICO,AUTOMOVIL,1
2015,4,Atropello,PUBLICO,BUS,1
2015,4,Choque,DESCONOCIDO,DESCONOCIDA,1
2015,4,Choque,DESCONOCIDO,BICICLETA,5
2015,4,Choque,OFICIAL,AUTOMOVIL,1
2015,4,Choque,OFICIAL,CAMION,1
2015,4,Choque,OFICIAL,CAMIONETA,4
2015,4,Choque,OFICIAL,MICROBUS,1
2015,4,Choque,OFICIAL,MOTOCICLETA,4
2015,4,Choque,PARTICULAR,AUTOMOVIL,309
2015,4,Choque,PARTICULAR,CAMION,6
2015,4,Choque,PARTICULAR,CAMIONETA,116
2015,4,Choque,PARTICULAR,CAMPERO,46
2015,4,Choque,PARTICULAR,MICROBUS,1
2015,4,Choque,PARTICULAR,MOTOCARRO,1
2015,4,Choque,PARTICULAR,MOTOCICLETA,125
2015,4,Choque,PARTICULAR,TRACCION ANIMAL,1
2015,4,Choque,PARTICULAR,VOLQUETA,2
2015,4,Choque,PUBLICO,AUTOMOVIL,173
2015,4,Choque,PUBLICO,BUS,78
2015,4,Choque,PUBLICO,BUSETA,37
2015,4,Choque,PUBLICO,CAMION,37
2015,4,Choque,PUBLICO,CAMIONETA,23
2015,4,Choque,PUBLICO,MICROBUS,18
2015,4,Choque,PUBLICO,TRACTO/CAMION,17
2015,4,Choque,PUBLICO,VOLQUETA,7
2015,4,Choque,No Aplica,AUTOMOVIL,3
2015,4,Otro,PARTICULAR,AUTOMOVIL,1
2015,4,Otro,PARTICULAR,MOTOCICLETA,1
2015,4,Volcamiento,PARTICULAR,AUTOMOVIL,1
2015,4,Volcamiento,PARTICULAR,CAMION,1
2015,4,Volcamiento,PARTICULAR,MOTOCICLETA,2
2015,5,Atropello,PARTICULAR,AUTOMOVIL,1
2015,5,Atropello,PARTICULAR,CAMIONETA,2
2015,5,Atropello,PARTICULAR,MOTOCICLETA,7
2015,5,Atropello,PUBLICO,AUTOMOVIL,2
2015,5,Atropello,PUBLICO,CAMION,1
2015,5,Choque,DESCONOCIDO,DESCONOCIDA,2
2015,5,Choque,DESCONOCIDO,AUTOMOVIL,3
2015,5,Choque,OFICIAL,AUTOMOVIL,1
2015,5,Choque,OFICIAL,MOTOCICLETA,2
2015,5,Choque,PARTICULAR,AUTOMOVIL,319
2015,5,Choque,PARTICULAR,BUS,1
2015,5,Choque,PARTICULAR,BUSETA,1
2015,5,Choque,PARTICULAR,CAMION,7
2015,5,Choque,PARTICULAR,CAMIONETA,124
2015,5,Choque,PARTICULAR,CAMPERO,45
2015,5,Choque,PARTICULAR,MICROBUS,2
2015,5,Choque,PARTICULAR,MOTOCICLETA,116
2015,5,Choque,PARTICULAR,TRACCION ANIMAL,3
2015,5,Choque,PARTICULAR,VOLQUETA,1
2015,5,Choque,PUBLICO,AUTOMOVIL,175
2015,5,Choque,PUBLICO,BUS,69
2015,5,Choque,PUBLICO,BUSETA,22
2015,5,Choque,PUBLICO,CAMION,35
2015,5,Choque,PUBLICO,CAMIONETA,17
2015,5,Choque,PUBLICO,CAMPERO,1
2015,5,Choque,PUBLICO,MICROBUS,18
2015,5,Choque,PUBLICO,TRACTO/CAMION,13
2015,5,Choque,PUBLICO,VOLQUETA,6
2015,5,Choque,No Aplica,AUTOMOVIL,1
2015,5,Incendio,PUBLICO,AUTOMOVIL,1
2015,5,Otro,PARTICULAR,AUTOMOVIL,1
2015,5,Otro,PARTICULAR,CAMIONETA,1
2015,5,Otro,PUBLICO,AUTOMOVIL,1
2015,5,Volcamiento,PARTICULAR,MOTOCICLETA,1
2015,6,Atropello,PARTICULAR,AUTOMOVIL,4
2015,6,Atropello,PARTICULAR,CAMIONETA,2
2015,6,Atropello,PARTICULAR,MOTOCICLETA,2
2015,6,Atropello,PUBLICO,AUTOMOVIL,3
2015,6,Atropello,PUBLICO,BUS,1
2015,6,Atropello,PUBLICO,CAMIONETA,1
2015,6,Atropello,PUBLICO,TRACTO/CAMION,1
2015,6,Choque,DESCONOCIDO,DESCONOCIDA,2
2015,6,Choque,DESCONOCIDO,AUTOMOVIL,1
2015,6,Choque,DESCONOCIDO,BICICLETA,3
2015,6,Choque,OFICIAL,AUTOMOVIL,2
2015,6,Choque,OFICIAL,BUSETA,1
2015,6,Choque,OFICIAL,CAMIONETA,2
2015,6,Choque,OFICIAL,CAMPERO,3
2015,6,Choque,OFICIAL,MOTOCICLETA,5
2015,6,Choque,PARTICULAR,AUTOMOVIL,324
2015,6,Choque,PARTICULAR,CAMION,7
2015,6,Choque,PARTICULAR,CAMIONETA,101
2015,6,Choque,PARTICULAR,CAMPERO,43
2015,6,Choque,PARTICULAR,MICROBUS,1
2015,6,Choque,PARTICULAR,MOTOCICLETA,133
2015,6,Choque,PARTICULAR,TRACCION ANIMAL,1
2015,6,Choque,PARTICULAR,VOLQUETA,2
2015,6,Choque,PUBLICO,AUTOMOVIL,182
2015,6,Choque,PUBLICO,BUS,83
2015,6,Choque,PUBLICO,BUSETA,36
2015,6,Choque,PUBLICO,CAMION,44
2015,6,Choque,PUBLICO,CAMIONETA,13
2015,6,Choque,PUBLICO,CAMPERO,1
2015,6,Choque,PUBLICO,MICROBUS,14
2015,6,Choque,PUBLICO,TRACTO/CAMION,18
2015,6,Choque,PUBLICO,VOLQUETA,9
2015,6,Otro,OFICIAL,MOTOCICLETA,1
2015,6,Otro,PARTICULAR,MOTOCICLETA,1
2015,6,Volcamiento,PUBLICO,AUTOMOVIL,1
2015,6,Volcamiento,PUBLICO,TRACTO/CAMION,1
2015,7,Atropello,DESCONOCIDO,DESCONOCIDA,1
2015,7,Atropello,PARTICULAR,AUTOMOVIL,4
2015,7,Atropello,PARTICULAR,MOTOCICLETA,6
2015,7,Atropello,PUBLICO,BUS,3
2015,7,Atropello,PUBLICO,MICROBUS,1
2015,7,Atropello,PUBLICO,TRACTO/CAMION,1
2015,7,Atropello,PUBLICO,VOLQUETA,2
2015,7,Caida Ocupante,PUBLICO,BUS,1
2015,7,Choque,DESCONOCIDO,DESCONOCIDA,2
2015,7,Choque,DESCONOCIDO,BICICLETA,6
2015,7,Choque,DESCONOCIDO,VOLQUETA,1
2015,7,Choque,OFICIAL,AUTOMOVIL,2
2015,7,Choque,OFICIAL,CAMIONETA,2
2015,7,Choque,OFICIAL,MOTOCICLETA,5
2015,7,Choque,OFICIAL,VOLQUETA,1
2015,7,Choque,PARTICULAR,AUTOMOVIL,304
2015,7,Choque,PARTICULAR,BUSETA,1
2015,7,Choque,PARTICULAR,CAMION,6
2015,7,Choque,PARTICULAR,CAMIONETA,101
2015,7,Choque,PARTICULAR,CAMPERO,42
2015,7,Choque,PARTICULAR,MICROBUS,1
2015,7,Choque,PARTICULAR,MOTOCICLETA,109
2015,7,Choque,PARTICULAR,TRACCION ANIMAL,1
2015,7,Choque,PARTICULAR,VOLQUETA,3
2015,7,Choque,PUBLICO,AUTOMOVIL,195
2015,7,Choque,PUBLICO,BUS,62
2015,7,Choque,PUBLICO,BUSETA,30
2015,7,Choque,PUBLICO,CAMION,32
2015,7,Choque,PUBLICO,CAMIONETA,9
2015,7,Choque,PUBLICO,MICROBUS,18
2015,7,Choque,PUBLICO,TRACTO/CAMION,12
2015,7,Choque,PUBLICO,VOLQUETA,8
2015,7,Incendio,PARTICULAR,CAMPERO,1
2015,7,Otro,PARTICULAR,MOTOCICLETA,1
2015,7,Volcamiento,PARTICULAR,CAMIONETA,1
2015,7,Volcamiento,PUBLICO,CAMIONETA,2
2015,8,Atropello,PARTICULAR,AUTOMOVIL,2
2015,8,Atropello,PARTICULAR,CAMION,1
2015,8,Atropello,PARTICULAR,MOTOCICLETA,8
2015,8,Atropello,PUBLICO,AUTOMOVIL,2
2015,8,Atropello,PUBLICO,BUSETA,2
2015,8,Caida Ocupante,PARTICULAR,MOTOCICLETA,1
2015,8,Caida Ocupante,PUBLICO,BUS,2
2015,8,Choque,DESCONOCIDO,DESCONOCIDA,1
2015,8,Choque,DESCONOCIDO,AUTOMOVIL,1
2015,8,Choque,DESCONOCIDO,BICICLETA,5
2015,8,Choque,OFICIAL,CAMIONETA,1
2015,8,Choque,OFICIAL,CAMPERO,2
2015,8,Choque,OFICIAL,MOTOCICLETA,6
2015,8,Choque,OFICIAL,VOLQUETA,1
2015,8,Choque,PARTICULAR,AUTOMOVIL,322
2015,8,Choque,PARTICULAR,CAMION,13
2015,8,Choque,PARTICULAR,CAMIONETA,119
2015,8,Choque,PARTICULAR,CAMPERO,35
2015,8,Choque,PARTICULAR,MOTOCICLETA,124
2015,8,Choque,PARTICULAR,TRACTO/CAMION,1
2015,8,Choque,PARTICULAR,VOLQUETA,1
2015,8,Choque,PUBLICO,AUTOMOVIL,194
2015,8,Choque,PUBLICO,BUS,69
2015,8,Choque,PUBLICO,BUSETA,35
2015,8,Choque,PUBLICO,CAMION,31
2015,8,Choque,PUBLICO,CAMIONETA,18
2015,8,Choque,PUBLICO,CAMPERO,1
2015,8,Choque,PUBLICO,MICROBUS,14
2015,8,Choque,PUBLICO,TRACTO/CAMION,19
2015,8,Choque,PUBLICO,VOLQUETA,13
2015,8,Otro,PARTICULAR,AUTOMOVIL,1
2015,9,Atropello,PARTICULAR,CAMIONETA,1
2015,9,Atropello,PARTICULAR,MOTOCICLETA,11
2015,9,Atropello,PUBLICO,AUTOMOVIL,2
2015,9,Atropello,PUBLICO,BUS,3
2015,9,Atropello,PUBLICO,BUSETA,1
2015,9,Choque,DESCONOCIDO,AUTOMOVIL,1
2015,9,Choque,DESCONOCIDO,BICICLETA,3
2015,9,Choque,DIPLOMATICO,CAMPERO,1
2015,9,Choque,OFICIAL,AUTOMOVIL,2
2015,9,Choque,OFICIAL,CAMION,1
2015,9,Choque,OFICIAL,CAMIONETA,3
2015,9,Choque,OFICIAL,CAMPERO,4
2015,9,Choque,OFICIAL,MOTOCICLETA,6
2015,9,Choque,PARTICULAR,AUTOMOVIL,359
2015,9,Choque,PARTICULAR,CAMION,6
2015,9,Choque,PARTICULAR,CAMIONETA,106
2015,9,Choque,PARTICULAR,CAMPERO,43
2015,9,Choque,PARTICULAR,MAQUINARIA INDUSTRIAL,1
2015,9,Choque,PARTICULAR,MICROBUS,1
2015,9,Choque,PARTICULAR,MOTOCICLETA,125
2015,9,Choque,PARTICULAR,VOLQUETA,1
2015,9,Choque,PUBLICO,AUTOMOVIL,209
2015,9,Choque,PUBLICO,BUS,90
2015,9,Choque,PUBLICO,BUSETA,39
2015,9,Choque,PUBLICO,CAMION,54
2015,9,Choque,PUBLICO,CAMIONETA,16
2015,9,Choque,PUBLICO,CAMPERO,2
2015,9,Choque,PUBLICO,MICROBUS,19
2015,9,Choque,PUBLICO,TRACTO/CAMION,21
2015,9,Choque,PUBLICO,VOLQUETA,12
2015,9,Otro,OFICIAL,MOTOCICLETA,1
2015,9,Otro,PARTICULAR,AUTOMOVIL,1
2015,9,Volcamiento,PARTICULAR,MOTOCICLETA,1
2015,10,Atropello,PARTICULAR,AUTOMOVIL,1
2015,10,Atropello,PARTICULAR,CAMPERO,1
2015,10,Atropello,PARTICULAR,MAQUINARIA INDUSTRIAL,1
2015,10,Atropello,PARTICULAR,MOTOCICLETA,9
2015,10,Atropello,PUBLICO,AUTOMOVIL,6
2015,10,Atropello,PUBLICO,BUS,1
2015,10,Atropello,PUBLICO,CAMIONETA,1
2015,10,Caida Ocupante,OFICIAL,MOTOCICLETA,1
2015,10,Caida Ocupante,PUBLICO,BUS,1
2015,10,Choque,DESCONOCIDO,DESCONOCIDA,2
2015,10,Choque,DESCONOCIDO,AUTOMOVIL,2
2015,10,Choque,DESCONOCIDO,BICICLETA,2
2015,10,Choque,DESCONOCIDO,MOTOCICLETA,1
2015,10,Choque,DESCONOCIDO,TRACCION ANIMAL,1
2015,10,Choque,DESCONOCIDO,VOLQUETA,1
2015,10,Choque,OFICIAL,CAMION,1
2015,10,Choque,OFICIAL,CAMIONETA,4
2015,10,Choque,OFICIAL,MOTOCICLETA,8
2015,10,Choque,PARTICULAR,AUTOMOVIL,335
2015,10,Choque,PARTICULAR,CAMION,7
2015,10,Choque,PARTICULAR,CAMIONETA,116
2015,10,Choque,PARTICULAR,CAMPERO,46
2015,10,Choque,PARTICULAR,MOTOCICLETA,138
2015,10,Choque,PARTICULAR,TRACTO/CAMION,1
2015,10,Choque,PARTICULAR,VOLQUETA,2
2015,10,Choque,PUBLICO,AUTOMOVIL,208
2015,10,Choque,PUBLICO,BUS,73
2015,10,Choque,PUBLICO,BUSETA,36
2015,10,Choque,PUBLICO,CAMION,36
2015,10,Choque,PUBLICO,CAMIONETA,19
2015,10,Choque,PUBLICO,MICROBUS,17
2015,10,Choque,PUBLICO,TRACTO/CAMION,23
2015,10,Choque,PUBLICO,VOLQUETA,13
2015,10,Otro,PARTICULAR,CAMIONETA,1
2015,10,Otro,PARTICULAR,MOTOCICLETA,2
2015,10,Otro,PUBLICO,TRACTO/CAMION,1
2015,10,Volcamiento,PARTICULAR,MOTOCICLETA,1
2015,11,Atropello,DESCONOCIDO,AUTOMOVIL,1
2015,11,Atropello,DESCONOCIDO,BICICLETA,1
2015,11,Atropello,PARTICULAR,AUTOMOVIL,1
2015,11,Atropello,PARTICULAR,CAMION,1
2015,11,Atropello,PARTICULAR,CAMIONETA,1
2015,11,Atropello,PARTICULAR,CAMPERO,1
2015,11,Atropello,PARTICULAR,MOTOCICLETA,11
2015,11,Atropello,PUBLICO,AUTOMOVIL,4
2015,11,Atropello,PUBLICO,BUS,2
2015,11,Atropello,PUBLICO,BUSETA,1
2015,11,Atropello,PUBLICO,TRACTO/CAMION,1
2015,11,Caida Ocupante,PUBLICO,BUS,2
2015,11,Choque,DESCONOCIDO,AUTOMOVIL,1
2015,11,Choque,DESCONOCIDO,BICICLETA,5
2015,11,Choque,DESCONOCIDO,REMOLQUE,1
2015,11,Choque,OFICIAL,CAMION,1
2015,11,Choque,OFICIAL,MOTOCICLETA,6
2015,11,Choque,PARTICULAR,AUTOMOVIL,307
2015,11,Choque,PARTICULAR,CAMION,11
2015,11,Choque,PARTICULAR,CAMIONETA,114
2015,11,Choque,PARTICULAR,CAMPERO,51
2015,11,Choque,PARTICULAR,CUATRIMOTO,1
2015,11,Choque,PARTICULAR,MICROBUS,1
2015,11,Choque,PARTICULAR,MOTOCARRO,1
2015,11,Choque,PARTICULAR,MOTOCICLETA,121
2015,11,Choque,PARTICULAR,TRACTO/CAMION,1
2015,11,Choque,PARTICULAR,VOLQUETA,2
2015,11,Choque,PUBLICO,AUTOMOVIL,204
2015,11,Choque,PUBLICO,BUS,81
2015,11,Choque,PUBLICO,BUSETA,41
2015,11,Choque,PUBLICO,CAMION,33
2015,11,Choque,PUBLICO,CAMIONETA,19
2015,11,Choque,PUBLICO,MICROBUS,15
2015,11,Choque,PUBLICO,TRACTO/CAMION,27
2015,11,Choque,PUBLICO,VOLQUETA,10
2015,11,Volcamiento,PUBLICO,TRACTO/CAMION,1
2015,12,Atropello,OFICIAL,CAMIONETA,1
2015,12,Atropello,OFICIAL,MOTOCICLETA,1
2015,12,Atropello,PARTICULAR,AUTOMOVIL,5
2015,12,Atropello,PARTICULAR,MOTOCICLETA,9
2015,12,Atropello,PUBLICO,AUTOMOVIL,3
2015,12,Atropello,PUBLICO,BUS,3
2015,12,Atropello,PUBLICO,CAMION,1
2015,12,Atropello,PUBLICO,CAMIONETA,2
2015,12,Caida Ocupante,PUBLICO,BUSETA,1
2015,12,Choque,DESCONOCIDO,AUTOMOVIL,1
2015,12,Choque,DESCONOCIDO,BICICLETA,5
2015,12,Choque,DESCONOCIDO,MAQUINARIA INDUSTRIAL,1
2015,12,Choque,DIPLOMATICO,AUTOMOVIL,1
2015,12,Choque,OFICIAL,CAMIONETA,2
2015,12,Choque,OFICIAL,MICROBUS,1
2015,12,Choque,OFICIAL,MOTOCICLETA,1
2015,12,Choque,PARTICULAR,AUTOMOVIL,321
2015,12,Choque,PARTICULAR,BUS,1
2015,12,Choque,PARTICULAR,CAMION,10
2015,12,Choque,PARTICULAR,CAMIONETA,117
2015,12,Choque,PARTICULAR,CAMPERO,43
2015,12,Choque,PARTICULAR,MOTOCARRO,1
2015,12,Choque,PARTICULAR,MOTOCICLETA,137
2015,12,Choque,PARTICULAR,TRACTO/CAMION,1
2015,12,Choque,PARTICULAR,VOLQUETA,2
2015,12,Choque,PUBLICO,AUTOMOVIL,202
2015,12,Choque,PUBLICO,BUS,77
2015,12,Choque,PUBLICO,BUSETA,26
2015,12,Choque,PUBLICO,CAMION,41
2015,12,Choque,PUBLICO,CAMIONETA,20
2015,12,Choque,PUBLICO,MICROBUS,13
2015,12,Choque,PUBLICO,RETROEXCAVADORA,1
2015,12,Choque,PUBLICO,TRACTO/CAMION,25
2015,12,Choque,PUBLICO,VOLQUETA,9
2015,12,Incendio,PARTICULAR,CAMPERO,1
2015,12,Otro,PARTICULAR,MOTOCICLETA,1
2015,12,Volcamiento,PARTICULAR,AUTOMOVIL,1
2015,12,Volcamiento,PUBLICO,AUTOMOVIL,1
2015,12,Volcamiento,PUBLICO,VOLQUETA,1
2016,1,Atropello,OFICIAL,CAMIONETA,1
2016,1,Atropello,OFICIAL,MOTOCICLETA,1
2016,1,Atropello,PARTICULAR,AUTOMOVIL,3
2016,1,Atropello,PARTICULAR,MOTOCICLETA,5
2016,1,Atropello,PUBLICO,AUTOMOVIL,1
2016,1,Atropello,PUBLICO,BUS,2
2016,1,Caida Ocupante,PUBLICO,BUS,1
2016,1,Caida Ocupante,PUBLICO,BUSETA,1
2016,1,Choque,DESCONOCIDO,DESCONOCIDA,1
2016,1,Choque,DESCONOCIDO,AUTOMOVIL,1
2016,1,Choque,DESCONOCIDO,BICICLETA,2
2016,1,Choque,DIPLOMATICO,AUTOMOVIL,1
2016,1,Choque,OFICIAL,CAMIONETA,3
2016,1,Choque,OFICIAL,CAMPERO,3
2016,1,Choque,OFICIAL,MOTOCICLETA,3
2016,1,Choque,PARTICULAR,AUTOMOVIL,263
2016,1,Choque,PARTICULAR,CAMION,6
2016,1,Choque,PARTICULAR,CAMIONETA,81
2016,1,Choque,PARTICULAR,CAMPERO,50
2016,1,Choque,PARTICULAR,MOTOCARRO,1
2016,1,Choque,PARTICULAR,MOTOCICLETA,94
2016,1,Choque,PUBLICO,AUTOMOVIL,136
2016,1,Choque,PUBLICO,BUS,65
2016,1,Choque,PUBLICO,BUSETA,24
2016,1,Choque,PUBLICO,CAMION,37
2016,1,Choque,PUBLICO,CAMIONETA,14
2016,1,Choque,PUBLICO,CAMPERO,1
2016,1,Choque,PUBLICO,MICROBUS,12
2016,1,Choque,PUBLICO,TRACTO/CAMION,12
2016,1,Choque,PUBLICO,VOLQUETA,6
2016,1,Otro,OFICIAL,MOTOCICLETA,1
2016,1,Otro,PARTICULAR,AUTOMOVIL,1
2016,1,Otro,PARTICULAR,MOTOCICLETA,1
2016,1,Volcamiento,PUBLICO,AUTOMOVIL,1
2016,1,Volcamiento,PUBLICO,CAMIONETA,1
2016,2,Atropello,PARTICULAR,CAMIONETA,3
2016,2,Atropello,PARTICULAR,CAMPERO,1
2016,2,Atropello,PARTICULAR,MOTOCICLETA,8
2016,2,Atropello,PUBLICO,AUTOMOVIL,3
2016,2,Atropello,PUBLICO,BUS,2
2016,2,Atropello,PUBLICO,BUSETA,2
2016,2,Atropello,PUBLICO,CAMIONETA,1
2016,2,Atropello,PUBLICO,MICROBUS,1
2016,2,Atropello,PUBLICO,TRACTO/CAMION,1
2016,2,Caida Ocupante,PARTICULAR,MOTOCICLETA,1
2016,2,Caida Ocupante,PUBLICO,BUS,1
2016,2,Choque,DESCONOCIDO,AUTOMOVIL,1
2016,2,Choque,DESCONOCIDO,BICICLETA,1
2016,2,Choque,OFICIAL,BUSETA,1
2016,2,Choque,OFICIAL,CAMIONETA,2
2016,2,Choque,OFICIAL,CAMPERO,3
2016,2,Choque,OFICIAL,MOTOCICLETA,4
2016,2,Choque,OFICIAL,TRACTO/CAMION,1
2016,2,Choque,PARTICULAR,AUTOMOVIL,310
2016,2,Choque,PARTICULAR,CAMION,6
2016,2,Choque,PARTICULAR,CAMIONETA,104
2016,2,Choque,PARTICULAR,CAMPERO,34
2016,2,Choque,PARTICULAR,MOTOCICLETA,127
2016,2,Choque,PARTICULAR,TRACTO/CAMION,2
2016,2,Choque,PARTICULAR,VOLQUETA,1
2016,2,Choque,PUBLICO,AUTOMOVIL,177
2016,2,Choque,PUBLICO,BUS,78
2016,2,Choque,PUBLICO,BUSETA,31
2016,2,Choque,PUBLICO,CAMION,47
2016,2,Choque,PUBLICO,CAMIONETA,23
2016,2,Choque,PUBLICO,CAMPERO,1
2016,2,Choque,PUBLICO,MICROBUS,4
2016,2,Choque,PUBLICO,TRACTO/CAMION,19
2016,2,Choque,PUBLICO,VOLQUETA,14
2016,2,Incendio,PUBLICO,AUTOMOVIL,1
2016,2,Otro,PARTICULAR,MOTOCICLETA,3
2016,2,Volcamiento,PARTICULAR,AUTOMOVIL,1
2016,2,Volcamiento,PUBLICO,TRACTO/CAMION,1
2016,3,Atropello,DESCONOCIDO,AUTOMOVIL,1
2016,3,Atropello,PARTICULAR,AUTOMOVIL,4
2016,3,Atropello,PARTICULAR,MOTOCICLETA,10
2016,3,Atropello,PUBLICO,AUTOMOVIL,4
2016,3,Caida Ocupante,PUBLICO,BUS,1
2016,3,Caida Ocupante,PUBLICO,BUSETA,1
2016,3,Choque,DESCONOCIDO,DESCONOCIDA,2
2016,3,Choque,DESCONOCIDO,BICICLETA,1
2016,3,Choque,DIPLOMATICO,AUTOMOVIL,1
2016,3,Choque,OFICIAL,AUTOMOVIL,1
2016,3,Choque,OFICIAL,MOTOCICLETA,3
2016,3,Choque,PARTICULAR,AUTOMOVIL,334
2016,3,Choque,PARTICULAR,BUS,1
2016,3,Choque,PARTICULAR,BUSETA,1
2016,3,Choque,PARTICULAR,CAMION,10
2016,3,Choque,PARTICULAR,CAMIONETA,107
2016,3,Choque,PARTICULAR,CAMPERO,48
2016,3,Choque,PARTICULAR,MOTOCICLETA,140
2016,3,Choque,PARTICULAR,TRACTO/CAMION,2
2016,3,Choque,PARTICULAR,VOLQUETA,5
2016,3,Choque,PUBLICO,AUTOMOVIL,174
2016,3,Choque,PUBLICO,BUS,68
2016,3,Choque,PUBLICO,BUSETA,27
2016,3,Choque,PUBLICO,CAMION,35
2016,3,Choque,PUBLICO,CAMIONETA,20
2016,3,Choque,PUBLICO,CAMPERO,1
2016,3,Choque,PUBLICO,MICROBUS,11
2016,3,Choque,PUBLICO,TRACTO/CAMION,25
2016,3,Choque,PUBLICO,VOLQUETA,16
2016,3,Incendio,PUBLICO,AUTOMOVIL,1
2016,3,Otro,PARTICULAR,AUTOMOVIL,1
2016,3,Otro,PARTICULAR,MOTOCICLETA,2
2016,3,Otro,PUBLICO,BUSETA,1
2016,3,Volcamiento,PARTICULAR,AUTOMOVIL,2
2016,4,Atropello,OFICIAL,MOTOCICLETA,1
2016,4,Atropello,PARTICULAR,AUTOMOVIL,2
2016,4,Atropello,PARTICULAR,MOTOCICLETA,9
2016,4,Atropello,PUBLICO,BUS,3
2016,4,Atropello,PUBLICO,CAMION,1
2016,4,Caida Ocupante,DESCONOCIDO,DESCONOCIDA,1
2016,4,Caida Ocupante,PUBLICO,BUS,2
2016,4,Choque,DESCONOCIDO,DESCONOCIDA,2
2016,4,Choque,DESCONOCIDO,AUTOMOVIL,1
2016,4,Choque,DESCONOCIDO,BICICLETA,3
2016,4,Choque,DESCONOCIDO,CAMION,1
2016,4,Choque,DESCONOCIDO,DESCONOCIDA,1
2016,4,Choque,DIPLOMATICO,AUTOMOVIL,1
2016,4,Choque,OFICIAL,CAMPERO,5
2016,4,Choque,OFICIAL,MOTOCICLETA,2
2016,4,Choque,PARTICULAR,AUTOMOVIL,331
2016,4,Choque,PARTICULAR,CAMION,9
2016,4,Choque,PARTICULAR,CAMIONETA,94
2016,4,Choque,PARTICULAR,CAMPERO,44
2016,4,Choque,PARTICULAR,MOTOCICLETA,139
2016,4,Choque,PARTICULAR,TRACTO/CAMION,1
2016,4,Choque,PUBLICO,AUTOMOVIL,189
2016,4,Choque,PUBLICO,BUS,84
2016,4,Choque,PUBLICO,BUSETA,34
2016,4,Choque,PUBLICO,CAMION,52
2016,4,Choque,PUBLICO,CAMIONETA,20
2016,4,Choque,PUBLICO,MICROBUS,11
2016,4,Choque,PUBLICO,TRACTO/CAMION,25
2016,4,Choque,PUBLICO,VOLQUETA,14
2016,4,Otro,PARTICULAR,MOTOCICLETA,2
2016,4,Otro,PUBLICO,BUS,2
2016,4,Otro,PUBLICO,CAMION,1
2016,4,Volcamiento,PUBLICO,VOLQUETA,1
2016,5,Atropello,PARTICULAR,AUTOMOVIL,2
2016,5,Atropello,PARTICULAR,MOTOCICLETA,4
2016,5,Atropello,PUBLICO,AUTOMOVIL,4
2016,5,Atropello,PUBLICO,BUS,2
2016,5,Atropello,PUBLICO,BUSETA,1
2016,5,Atropello,PUBLICO,MICROBUS,2
2016,5,Choque,DESCONOCIDO,DESCONOCIDA,1
2016,5,Choque,DESCONOCIDO,AUTOMOVIL,7
2016,5,Choque,DESCONOCIDO,BICICLETA,2
2016,5,Choque,DESCONOCIDO,DESCONOCIDA,1
2016,5,Choque,DESCONOCIDO,MOTOCICLETA,1
2016,5,Choque,OFICIAL,AUTOMOVIL,1
2016,5,Choque,OFICIAL,CAMIONETA,7
2016,5,Choque,OFICIAL,CAMPERO,3
2016,5,Choque,OFICIAL,MICROBUS,1
2016,5,Choque,OFICIAL,MOTOCICLETA,3
2016,5,Choque,PARTICULAR,AUTOMOVIL,356
2016,5,Choque,PARTICULAR,BUSETA,2
2016,5,Choque,PARTICULAR,CAMION,5
2016,5,Choque,PARTICULAR,CAMIONETA,114
2016,5,Choque,PARTICULAR,CAMPERO,38
2016,5,Choque,PARTICULAR,CUATRIMOTO,1
2016,5,Choque,PARTICULAR,MICROBUS,1
2016,5,Choque,PARTICULAR,MOTOCARRO,1
2016,5,Choque,PARTICULAR,MOTOCICLETA,131
2016,5,Choque,PARTICULAR,TRACTO/CAMION,1
2016,5,Choque,PARTICULAR,VOLQUETA,1
2016,5,Choque,PUBLICO,AUTOMOVIL,207
2016,5,Choque,PUBLICO,BUS,93
2016,5,Choque,PUBLICO,BUSETA,29
2016,5,Choque,PUBLICO,CAMION,42
2016,5,Choque,PUBLICO,CAMIONETA,22
2016,5,Choque,PUBLICO,CAMPERO,1
2016,5,Choque,PUBLICO,MICROBUS,8
2016,5,Choque,PUBLICO,TRACTO/CAMION,32
2016,5,Choque,PUBLICO,VOLQUETA,12
2016,5,Incendio,PARTICULAR,CAMIONETA,1
2016,5,Otro,OFICIAL,MOTOCICLETA,3
2016,5,Otro,PARTICULAR,CAMION,1
2016,5,Otro,PARTICULAR,CAMPERO,1
2016,5,Otro,PARTICULAR,MOTOCICLETA,3
2016,5,Otro,PUBLICO,BUS,2
2016,6,Atropello,DESCONOCIDO,AUTOMOVIL,1
2016,6,Atropello,OFICIAL,MOTOCICLETA,1
2016,6,Atropello,PARTICULAR,AUTOMOVIL,3
2016,6,Atropello,PARTICULAR,MOTOCICLETA,2
2016,6,Atropello,PUBLICO,AUTOMOVIL,1
2016,6,Atropello,PUBLICO,BUS,2
2016,6,Atropello,PUBLICO,BUSETA,1
2016,6,Caida Ocupante,OFICIAL,MOTOCICLETA,1
2016,6,Caida Ocupante,PUBLICO,BUSETA,1
2016,6,Choque,DESCONOCIDO,BICICLETA,6
2016,6,Choque,OFICIAL,CAMIONETA,1
2016,6,Choque,PARTICULAR,AUTOMOVIL,326
2016,6,Choque,PARTICULAR,CAMION,8
2016,6,Choque,PARTICULAR,CAMIONETA,113
2016,6,Choque,PARTICULAR,CAMPERO,47
2016,6,Choque,PARTICULAR,MICROBUS,1
2016,6,Choque,PARTICULAR,MOTOCICLETA,122
2016,6,Choque,PARTICULAR,TRACTO/CAMION,1
2016,6,Choque,PARTICULAR,VOLQUETA,2
2016,6,Choque,PUBLICO,AUTOMOVIL,209
2016,6,Choque,PUBLICO,BUS,58
2016,6,Choque,PUBLICO,BUSETA,25
2016,6,Choque,PUBLICO,CAMION,37
2016,6,Choque,PUBLICO,CAMIONETA,31
2016,6,Choque,PUBLICO,CAMPERO,2
2016,6,Choque,PUBLICO,MAQUINARIA AGRICOLA,1
2016,6,Choque,PUBLICO,MICROBUS,15
2016,6,Choque,PUBLICO,TRACTO/CAMION,18
2016,6,Choque,PUBLICO,VOLQUETA,16
2016,6,Otro,DESCONOCIDO,TRACCION ANIMAL,1
2016,6,Otro,PARTICULAR,AUTOMOVIL,2
2016,7,Atropello,PARTICULAR,AUTOMOVIL,1
2016,7,Atropello,PARTICULAR,MOTOCICLETA,8
2016,7,Atropello,PUBLICO,AUTOMOVIL,2
2016,7,Caida Ocupante,PUBLICO,BUS,1
2016,7,Choque,DESCONOCIDO,AUTOMOVIL,2
2016,7,Choque,DESCONOCIDO,BICICLETA,6
2016,7,Choque,DESCONOCIDO,TRACCION ANIMAL,1
2016,7,Choque,DIPLOMATICO,MOTOCICLETA,1
2016,7,Choque,OFICIAL,CAMIONETA,3
2016,7,Choque,OFICIAL,CAMPERO,2
2016,7,Choque,OFICIAL,MOTOCICLETA,2
2016,7,Choque,OFICIAL,TRACTO/CAMION,1
2016,7,Choque,PARTICULAR,AUTOMOVIL,321
2016,7,Choque,PARTICULAR,CAMION,9
2016,7,Choque,PARTICULAR,CAMIONETA,141
2016,7,Choque,PARTICULAR,CAMPERO,43
2016,7,Choque,PARTICULAR,MAQUINARIA INDUSTRIAL,1
2016,7,Choque,PARTICULAR,MICROBUS,1
2016,7,Choque,PARTICULAR,MOTOCICLETA,143
2016,7,Choque,PARTICULAR,TRACTO/CAMION,3
2016,7,Choque,PUBLICO,AUTOMOVIL,184
2016,7,Choque,PUBLICO,BUS,76
2016,7,Choque,PUBLICO,BUSETA,31
2016,7,Choque,PUBLICO,CAMION,50
2016,7,Choque,PUBLICO,CAMIONETA,24
2016,7,Choque,PUBLICO,CAMPERO,1
2016,7,Choque,PUBLICO,MICROBUS,13
2016,7,Choque,PUBLICO,TRACTO/CAMION,11
2016,7,Choque,PUBLICO,VOLQUETA,17
2016,7,Otro,OFICIAL,MOTOCICLETA,1
2016,7,Otro,PARTICULAR,AUTOMOVIL,1
2016,7,Otro,PARTICULAR,MOTOCICLETA,1
2016,7,Otro,PUBLICO,BUS,1
2016,7,Volcamiento,PARTICULAR,CAMIONETA,1
2016,7,Volcamiento,PUBLICO,AUTOMOVIL,2
2016,7,Volcamiento,PUBLICO,CAMION,1
2016,8,Atropello,OFICIAL,MOTOCICLETA,1
2016,8,Atropello,PARTICULAR,AUTOMOVIL,1
2016,8,Atropello,PARTICULAR,BUSETA,1
2016,8,Atropello,PARTICULAR,CAMIONETA,1
2016,8,Atropello,PARTICULAR,CAMPERO,1
2016,8,Atropello,PARTICULAR,MOTOCICLETA,13
2016,8,Atropello,PARTICULAR,TRACTO/CAMION,1
2016,8,Atropello,PUBLICO,AUTOMOVIL,9
2016,8,Atropello,PUBLICO,BUS,5
2016,8,Atropello,PUBLICO,MICROBUS,1
2016,8,Caida Ocupante,PARTICULAR,MOTOCICLETA,1
2016,8,Choque,DESCONOCIDO,DESCONOCIDA,1
2016,8,Choque,DESCONOCIDO,AUTOMOVIL,2
2016,8,Choque,DESCONOCIDO,BICICLETA,4
2016,8,Choque,DESCONOCIDO,MOTOTRICICLO,1
2016,8,Choque,DESCONOCIDO,TRACCION ANIMAL,1
2016,8,Choque,OFICIAL,BUSETA,1
2016,8,Choque,OFICIAL,CAMIONETA,1
2016,8,Choque,OFICIAL,CAMPERO,2
2016,8,Choque,OFICIAL,MOTOCICLETA,5
2016,8,Choque,OFICIAL,TRACTO/CAMION,1
2016,8,Choque,PARTICULAR,AUTOMOVIL,361
2016,8,Choque,PARTICULAR,CAMION,13
2016,8,Choque,PARTICULAR,CAMIONETA,130
2016,8,Choque,PARTICULAR,CAMPERO,37
2016,8,Choque,PARTICULAR,MICROBUS,2
2016,8,Choque,PARTICULAR,MOTOCICLETA,169
2016,8,Choque,PARTICULAR,VOLQUETA,1
2016,8,Choque,PUBLICO,AUTOMOVIL,203
2016,8,Choque,PUBLICO,BUS,88
2016,8,Choque,PUBLICO,BUSETA,38
2016,8,Choque,PUBLICO,CAMION,54
2016,8,Choque,PUBLICO,CAMIONETA,23
2016,8,Choque,PUBLICO,MICROBUS,14
2016,8,Choque,PUBLICO,TRACTO/CAMION,20
2016,8,Choque,PUBLICO,VOLQUETA,13
2016,8,Otro,OFICIAL,MOTOCICLETA,1
2016,8,Otro,PUBLICO,CAMION,1
2016,8,Volcamiento,PUBLICO,BUS,1
2016,8,Volcamiento,PUBLICO,CAMION,2
2016,8,Volcamiento,PUBLICO,TRACTO/CAMION,1
2016,9,Atropello,OFICIAL,CAMIONETA,1
2016,9,Atropello,PARTICULAR,AUTOMOVIL,1
2016,9,Atropello,PARTICULAR,CAMIONETA,2
2016,9,Atropello,PARTICULAR,CAMPERO,1
2016,9,Atropello,PARTICULAR,MOTOCICLETA,3
2016,9,Atropello,PUBLICO,AUTOMOVIL,6
2016,9,Atropello,PUBLICO,BUS,1
2016,9,Caida Ocupante,PUBLICO,BUS,1
2016,9,Choque,DESCONOCIDO,AUTOMOVIL,1
2016,9,Choque,DESCONOCIDO,BICICLETA,1
2016,9,Choque,DIPLOMATICO,CAMION,1
2016,9,Choque,OFICIAL,AUTOMOVIL,2
2016,9,Choque,OFICIAL,BUSETA,1
2016,9,Choque,OFICIAL,CAMIONETA,1
2016,9,Choque,OFICIAL,MOTOCICLETA,2
2016,9,Choque,PARTICULAR,AUTOMOVIL,351
2016,9,Choque,PARTICULAR,CAMION,12
2016,9,Choque,PARTICULAR,CAMIONETA,123
2016,9,Choque,PARTICULAR,CAMPERO,40
2016,9,Choque,PARTICULAR,MOTOCICLETA,127
2016,9,Choque,PARTICULAR,TRACTO/CAMION,1
2016,9,Choque,PARTICULAR,VOLQUETA,4
2016,9,Choque,PUBLICO,AUTOMOVIL,197
2016,9,Choque,PUBLICO,BUS,105
2016,9,Choque,PUBLICO,BUSETA,28
2016,9,Choque,PUBLICO,CAMION,38
2016,9,Choque,PUBLICO,CAMIONETA,25
2016,9,Choque,PUBLICO,CAMPERO,1
2016,9,Choque,PUBLICO,MICROBUS,17
2016,9,Choque,PUBLICO,TRACTO/CAMION,18
2016,9,Choque,PUBLICO,VOLQUETA,13
2016,9,Otro,PARTICULAR,MOTOCICLETA,2
2016,9,Volcamiento,PUBLICO,CAMION,1
2016,10,Atropello,DESCONOCIDO,BICICLETA,1
2016,10,Atropello,PARTICULAR,AUTOMOVIL,2
2016,10,Atropello,PARTICULAR,CAMIONETA,2
2016,10,Atropello,PARTICULAR,CAMPERO,1
2016,10,Atropello,PARTICULAR,MOTOCICLETA,6
2016,10,Atropello,PUBLICO,AUTOMOVIL,2
2016,10,Atropello,PUBLICO,BUS,2
2016,10,Atropello,PUBLICO,BUSETA,2
2016,10,Atropello,PUBLICO,CAMION,2
2016,10,Atropello,PUBLICO,VOLQUETA,1
2016,10,Caida Ocupante,PUBLICO,BUS,2
2016,10,Caida Ocupante,PUBLICO,BUSETA,1
2016,10,Caida Ocupante,PUBLICO,MICROBUS,1
2016,10,Choque,DESCONOCIDO,AUTOMOVIL,2
2016,10,Choque,DESCONOCIDO,BICICLETA,2
2016,10,Choque,OFICIAL,BUSETA,1
2016,10,Choque,OFICIAL,CAMIONETA,4
2016,10,Choque,OFICIAL,CAMPERO,2
2016,10,Choque,OFICIAL,MOTOCICLETA,2
2016,10,Choque,PARTICULAR,AUTOMOVIL,339
2016,10,Choque,PARTICULAR,BICICLETA,1
2016,10,Choque,PARTICULAR,BUS,1
2016,10,Choque,PARTICULAR,CAMION,5
2016,10,Choque,PARTICULAR,CAMIONETA,116
2016,10,Choque,PARTICULAR,CAMPERO,52
2016,10,Choque,PARTICULAR,MICROBUS,1
2016,10,Choque,PARTICULAR,MOTOCICLETA,132
2016,10,Choque,PARTICULAR,RETROEXCAVADORA,1
2016,10,Choque,PUBLICO,AUTOMOVIL,187
2016,10,Choque,PUBLICO,BUS,89
2016,10,Choque,PUBLICO,BUS ARTICULADO,1
2016,10,Choque,PUBLICO,BUSETA,32
2016,10,Choque,PUBLICO,CAMION,55
2016,10,Choque,PUBLICO,CAMIONETA,20
2016,10,Choque,PUBLICO,MICROBUS,12
2016,10,Choque,PUBLICO,TRACTO/CAMION,16
2016,10,Choque,PUBLICO,VOLQUETA,5
2016,10,Choque,No Aplica,AUTOMOVIL,1
2016,10,Otro,PARTICULAR,MOTOCICLETA,3
2016,10,Otro,PUBLICO,BUSETA,1
2016,10,Volcamiento,PARTICULAR,CAMIONETA,1
2016,10,Volcamiento,PUBLICO,CAMION,1
2016,11,Atropello,PARTICULAR,AUTOMOVIL,3
2016,11,Atropello,PARTICULAR,CAMION,1
2016,11,Atropello,PARTICULAR,CAMIONETA,1
2016,11,Atropello,PARTICULAR,MOTOCICLETA,8
2016,11,Atropello,PUBLICO,AUTOMOVIL,2
2016,11,Atropello,PUBLICO,BUS,3
2016,11,Atropello,PUBLICO,CAMION,1
2016,11,Atropello,PUBLICO,MICROBUS,1
2016,11,Caida Ocupante,PUBLICO,BUS,2
2016,11,Choque,DESCONOCIDO,AUTOMOVIL,1
2016,11,Choque,DESCONOCIDO,BICICLETA,6
2016,11,Choque,DESCONOCIDO,CICLO TAXI,1
2016,11,Choque,DESCONOCIDO,DESCONOCIDA,1
2016,11,Choque,DESCONOCIDO,TRACCION ANIMAL,1
2016,11,Choque,ESPECIAL,BUS,1
2016,11,Choque,OFICIAL,CAMIONETA,1
2016,11,Choque,OFICIAL,CAMPERO,1
2016,11,Choque,OFICIAL,MOTOCICLETA,2
2016,11,Choque,PARTICULAR,AUTOMOVIL,392
2016,11,Choque,PARTICULAR,CAMION,13
2016,11,Choque,PARTICULAR,CAMIONETA,108
2016,11,Choque,PARTICULAR,CAMPERO,46
2016,11,Choque,PARTICULAR,MICROBUS,2
2016,11,Choque,PARTICULAR,MOTOCARRO,1
2016,11,Choque,PARTICULAR,MOTOCICLETA,127
2016,11,Choque,PARTICULAR,TRACTO/CAMION,1
2016,11,Choque,PARTICULAR,VOLQUETA,1
2016,11,Choque,PUBLICO,AUTOMOVIL,214
2016,11,Choque,PUBLICO,BUS,82
2016,11,Choque,PUBLICO,BUSETA,30
2016,11,Choque,PUBLICO,CAMION,53
2016,11,Choque,PUBLICO,CAMIONETA,23
2016,11,Choque,PUBLICO,CAMPERO,1
2016,11,Choque,PUBLICO,MICROBUS,11
2016,11,Choque,PUBLICO,TRACTO/CAMION,22
2016,11,Choque,PUBLICO,VOLQUETA,15
2016,11,Otro,PARTICULAR,AUTOMOVIL,1
2016,11,Volcamiento,PARTICULAR,CAMPERO,1
2016,11,Volcamiento,PUBLICO,CAMIONETA,1
2016,12,Atropello,DESCONOCIDO,BICICLETA,1
2016,12,Atropello,PARTICULAR,AUTOMOVIL,4
2016,12,Atropello,PARTICULAR,MOTOCICLETA,8
2016,12,Atropello,PUBLICO,AUTOMOVIL,3
2016,12,Atropello,PUBLICO,BUS,2
2016,12,Atropello,PUBLICO,CAMION,1
2016,12,Choque,DESCONOCIDO,DESCONOCIDA,1
2016,12,Choque,DESCONOCIDO,BICICLETA,3
2016,12,Choque,DESCONOCIDO,MOTOCICLETA,1
2016,12,Choque,DESCONOCIDO,TRACCION ANIMAL,1
2016,12,Choque,DIPLOMATICO,CAMIONETA,1
2016,12,Choque,OFICIAL,CAMIONETA,3
2016,12,Choque,OFICIAL,MOTOCICLETA,3
2016,12,Choque,PARTICULAR,AUTOMOVIL,330
2016,12,Choque,PARTICULAR,CAMION,12
2016,12,Choque,PARTICULAR,CAMIONETA,97
2016,12,Choque,PARTICULAR,CAMPERO,36
2016,12,Choque,PARTICULAR,MOTOCARRO,1
2016,12,Choque,PARTICULAR,MOTOCICLETA,114
2016,12,Choque,PARTICULAR,VOLQUETA,1
2016,12,Choque,PUBLICO,AUTOMOVIL,195
2016,12,Choque,PUBLICO,BUS,65
2016,12,Choque,PUBLICO,BUSETA,30
2016,12,Choque,PUBLICO,CAMION,53
2016,12,Choque,PUBLICO,CAMIONETA,17
2016,12,Choque,PUBLICO,MICROBUS,16
2016,12,Choque,PUBLICO,TRACTO/CAMION,22
2016,12,Choque,PUBLICO,VOLQUETA,13
2016,12,Otro,OFICIAL,MOTOCICLETA,1
2016,12,Otro,PARTICULAR,AUTOMOVIL,1
2016,12,Otro,PARTICULAR,CAMPERO,1
2016,12,Otro,PARTICULAR,MOTOCICLETA,1
2016,12,Otro,PUBLICO,BUS,1
2016,12,Otro,PUBLICO,BUSETA,1
2016,12,Volcamiento,PARTICULAR,AUTOMOVIL,1
2017,1,Atropello,OFICIAL,MOTOCICLETA,1
2017,1,Atropello,PARTICULAR,AUTOMOVIL,3
2017,1,Atropello,PARTICULAR,CAMIONETA,1
2017,1,Atropello,PARTICULAR,MOTOCICLETA,7
2017,1,Atropello,PUBLICO,AUTOMOVIL,2
2017,1,Atropello,PUBLICO,TRACTO/CAMION,2
2017,1,Caida Ocupante,PUBLICO,BUS,1
2017,1,Choque,DESCONOCIDO,DESCONOCIDA,2
2017,1,Choque,DESCONOCIDO,AUTOMOVIL,2
2017,1,Choque,DESCONOCIDO,BICICLETA,7
2017,1,Choque,DESCONOCIDO,TRACCION ANIMAL,1
2017,1,Choque,DIPLOMATICO,CAMION,1
2017,1,Choque,OFICIAL,AUTOMOVIL,1
2017,1,Choque,OFICIAL,CAMION,1
2017,1,Choque,OFICIAL,CAMIONETA,3
2017,1,Choque,OFICIAL,CAMPERO,3
2017,1,Choque,OFICIAL,MOTOCICLETA,7
2017,1,Choque,PARTICULAR,AUTOMOVIL,283
2017,1,Choque,PARTICULAR,BUS,1
2017,1,Choque,PARTICULAR,CAMION,3
2017,1,Choque,PARTICULAR,CAMION (RNMA),1
2017,1,Choque,PARTICULAR,CAMIONETA,87
2017,1,Choque,PARTICULAR,CAMPERO,38
2017,1,Choque,PARTICULAR,MAQUINARIA INDUSTRIAL,1
2017,1,Choque,PARTICULAR,MOTOCICLETA,110
2017,1,Choque,PARTICULAR,TRACTO/CAMION,2
2017,1,Choque,PARTICULAR,VOLQUETA,1
2017,1,Choque,PUBLICO,AUTOMOVIL,153
2017,1,Choque,PUBLICO,BUS,73
2017,1,Choque,PUBLICO,BUSETA,22
2017,1,Choque,PUBLICO,CAMION,45
2017,1,Choque,PUBLICO,CAMIONETA,12
2017,1,Choque,PUBLICO,MICROBUS,22
2017,1,Choque,PUBLICO,TRACTO/CAMION,17
2017,1,Choque,PUBLICO,VOLQUETA,7
2017,1,Choque,No Aplica,AUTOMOVIL,1
2017,1,Otro,PARTICULAR,MOTOCICLETA,3
2017,1,Otro,PUBLICO,AUTOMOVIL,1
2017,1,Volcamiento,PARTICULAR,AUTOMOVIL,1
2017,1,Volcamiento,PUBLICO,BUSETA,1
2017,2,Atropello,PARTICULAR,AUTOMOVIL,2
2017,2,Atropello,PARTICULAR,MOTOCICLETA,4
2017,2,Atropello,PUBLICO,AUTOMOVIL,1
2017,2,Atropello,PUBLICO,BUS,3
2017,2,Atropello,PUBLICO,CAMION,1
2017,2,Caida Ocupante,OFICIAL,MOTOCICLETA,1
2017,2,Caida Ocupante,PUBLICO,MICROBUS,1
2017,2,Choque,DESCONOCIDO,DESCONOCIDA,1
2017,2,Choque,DESCONOCIDO,AUTOMOVIL,2
2017,2,Choque,DESCONOCIDO,BICICLETA,8
2017,2,Choque,DESCONOCIDO,DESCONOCIDA,1
2017,2,Choque,DESCONOCIDO,MOTOCICLETA,2
2017,2,Choque,DESCONOCIDO,TRACCION ANIMAL,1
2017,2,Choque,OFICIAL,AUTOMOVIL,1
2017,2,Choque,OFICIAL,CAMIONETA,1
2017,2,Choque,OFICIAL,MOTOCICLETA,3
2017,2,Choque,PARTICULAR,AUTOMOVIL,323
2017,2,Choque,PARTICULAR,CAMION,9
2017,2,Choque,PARTICULAR,CAMIONETA,116
2017,2,Choque,PARTICULAR,CAMPERO,39
2017,2,Choque,PARTICULAR,CUATRIMOTO,1
2017,2,Choque,PARTICULAR,MOTOCICLETA,121
2017,2,Choque,PARTICULAR,TRACTO/CAMION,1
2017,2,Choque,PARTICULAR,VOLQUETA,1
2017,2,Choque,PUBLICO,AUTOMOVIL,178
2017,2,Choque,PUBLICO,BUS,96
2017,2,Choque,PUBLICO,BUSETA,30
2017,2,Choque,PUBLICO,CAMION,28
2017,2,Choque,PUBLICO,CAMIONETA,28
2017,2,Choque,PUBLICO,MICROBUS,17
2017,2,Choque,PUBLICO,TRACTO/CAMION,14
2017,2,Choque,PUBLICO,VOLQUETA,9
2017,2,Otro,OFICIAL,MOTOCICLETA,1
2017,2,Otro,PARTICULAR,AUTOMOVIL,4
2017,2,Otro,PARTICULAR,CAMIONETA,1
2017,2,Otro,PARTICULAR,MOTOCICLETA,4
2017,2,Otro,PUBLICO,BUS,1
2017,2,Otro,PUBLICO,CAMION,1
2017,2,Volcamiento,PARTICULAR,AUTOMOVIL,1
2017,3,Atropello,PARTICULAR,AUTOMOVIL,1
2017,3,Atropello,PARTICULAR,CAMIONETA,1
2017,3,Atropello,PARTICULAR,MOTOCICLETA,6
2017,3,Atropello,PUBLICO,BUS,5
2017,3,Caida Ocupante,PUBLICO,BUS,2
2017,3,Choque,DESCONOCIDO,AUTOMOVIL,2
2017,3,Choque,DESCONOCIDO,BICICLETA,6
2017,3,Choque,DESCONOCIDO,DESCONOCIDA,1
2017,3,Choque,DESCONOCIDO,TRACCION ANIMAL,1
2017,3,Choque,OFICIAL,AUTOMOVIL,1
2017,3,Choque,OFICIAL,CAMIONETA,4
2017,3,Choque,OFICIAL,CAMPERO,1
2017,3,Choque,OFICIAL,MOTOCICLETA,4
2017,3,Choque,PARTICULAR,AUTOMOVIL,358
2017,3,Choque,PARTICULAR,CAMION,8
2017,3,Choque,PARTICULAR,CAMIONETA,116
2017,3,Choque,PARTICULAR,CAMPERO,22
2017,3,Choque,PARTICULAR,MAQUINARIA INDUSTRIAL,1
2017,3,Choque,PARTICULAR,MOTOCICLETA,137
2017,3,Choque,PARTICULAR,VOLQUETA,1
2017,3,Choque,PUBLICO,AUTOMOVIL,182
2017,3,Choque,PUBLICO,BUS,69
2017,3,Choque,PUBLICO,BUSETA,27
2017,3,Choque,PUBLICO,CAMION,45
2017,3,Choque,PUBLICO,CAMIONETA,23
2017,3,Choque,PUBLICO,CAMPERO,1
2017,3,Choque,PUBLICO,MICROBUS,14
2017,3,Choque,PUBLICO,MOTOCICLETA,1
2017,3,Choque,PUBLICO,TRACTO/CAMION,21
2017,3,Choque,PUBLICO,VOLQUETA,10
2017,3,Otro,OFICIAL,MOTOCICLETA,2
2017,3,Otro,PARTICULAR,AUTOMOVIL,3
2017,3,Otro,PARTICULAR,CAMIONETA,1
2017,3,Otro,PARTICULAR,MOTOCICLETA,3
2017,3,Otro,PUBLICO,AUTOMOVIL,2
2017,3,Otro,PUBLICO,BUS,2
2017,3,Volcamiento,PARTICULAR,AUTOMOVIL,1
2017,4,Atropello,PARTICULAR,AUTOMOVIL,1
2017,4,Atropello,PARTICULAR,MOTOCICLETA,2
2017,4,Atropello,PUBLICO,AUTOMOVIL,1
2017,4,Atropello,PUBLICO,BUS,1
2017,4,Atropello,PUBLICO,CAMIONETA,1
2017,4,Atropello,PUBLICO,MICROBUS,1
2017,4,Caida Ocupante,PUBLICO,BUS,1
2017,4,Choque,DESCONOCIDO,DESCONOCIDA,1
2017,4,Choque,DESCONOCIDO,BICICLETA,4
2017,4,Choque,DIPLOMATICO,AUTOMOVIL,1
2017,4,Choque,OFICIAL,AUTOMOVIL,1
2017,4,Choque,OFICIAL,BUS,1
2017,4,Choque,OFICIAL,CAMIONETA,1
2017,4,Choque,OFICIAL,CAMPERO,4
2017,4,Choque,OFICIAL,MOTOCICLETA,4
2017,4,Choque,PARTICULAR,AUTOMOVIL,348
2017,4,Choque,PARTICULAR,BUS,1
2017,4,Choque,PARTICULAR,CAMION,5
2017,4,Choque,PARTICULAR,CAMIONETA,115
2017,4,Choque,PARTICULAR,CAMPERO,38
2017,4,Choque,PARTICULAR,MICROBUS,1
2017,4,Choque,PARTICULAR,MOTOCICLETA,116
2017,4,Choque,PARTICULAR,TRACTO/CAMION,2
2017,4,Choque,PARTICULAR,VOLQUETA,3
2017,4,Choque,PUBLICO,AUTOMOVIL,170
2017,4,Choque,PUBLICO,BUS,95
2017,4,Choque,PUBLICO,BUSETA,32
2017,4,Choque,PUBLICO,CAMION,37
2017,4,Choque,PUBLICO,CAMIONETA,20
2017,4,Choque,PUBLICO,MICROBUS,12
2017,4,Choque,PUBLICO,MOTOCICLETA,1
2017,4,Choque,PUBLICO,TRACTO/CAMION,18
2017,4,Choque,PUBLICO,VOLQUETA,9
2017,4,Otro,PARTICULAR,AUTOMOVIL,3
2017,4,Otro,PARTICULAR,CAMIONETA,1
2017,4,Otro,PARTICULAR,MOTOCICLETA,3
2017,4,Otro,PUBLICO,AUTOMOVIL,3
2017,4,Otro,PUBLICO,BUS,4
2017,4,Otro,PUBLICO,BUSETA,1
2017,4,Otro,PUBLICO,CAMION,1
2017,4,Otro,PUBLICO,TRACTO/CAMION,1
2017,4,Volcamiento,PARTICULAR,AUTOMOVIL,1
2017,4,Volcamiento,PUBLICO,VOLQUETA,1
2017,5,Atropello,DESCONOCIDO,AUTOMOVIL,1
2017,5,Atropello,DESCONOCIDO,BICICLETA,1
2017,5,Atropello,DESCONOCIDO,DESCONOCIDA,1
2017,5,Atropello,PARTICULAR,AUTOMOVIL,1
2017,5,Atropello,PARTICULAR,CAMIONETA,1
2017,5,Atropello,PARTICULAR,MOTOCICLETA,6
2017,5,Atropello,PUBLICO,AUTOMOVIL,4
2017,5,Atropello,PUBLICO,CAMION,1
2017,5,Atropello,PUBLICO,CAMIONETA,1
2017,5,Choque,DESCONOCIDO,AUTOMOVIL,1
2017,5,Choque,DESCONOCIDO,BICICLETA,4
2017,5,Choque,DESCONOCIDO,CAMIONETA,1
2017,5,Choque,DESCONOCIDO,MOTOCICLETA,1
2017,5,Choque,DIPLOMATICO,BUS,1
2017,5,Choque,OFICIAL,AUTOMOVIL,1
2017,5,Choque,OFICIAL,CAMIONETA,2
2017,5,Choque,OFICIAL,MICROBUS,1
2017,5,Choque,OFICIAL,MOTOCICLETA,4
2017,5,Choque,PARTICULAR,AUTOMOVIL,359
2017,5,Choque,PARTICULAR,CAMION,9
2017,5,Choque,PARTICULAR,CAMIONETA,120
2017,5,Choque,PARTICULAR,CAMPERO,42
2017,5,Choque,PARTICULAR,MOTOCICLETA,101
2017,5,Choque,PARTICULAR,TRACTO/CAMION,2
2017,5,Choque,PUBLICO,AUTOMOVIL,179
2017,5,Choque,PUBLICO,BUS,101
2017,5,Choque,PUBLICO,BUSETA,46
2017,5,Choque,PUBLICO,CAMION,46
2017,5,Choque,PUBLICO,CAMIONETA,27
2017,5,Choque,PUBLICO,CAMPERO,1
2017,5,Choque,PUBLICO,MICROBUS,12
2017,5,Choque,PUBLICO,TRACTO/CAMION,17
2017,5,Choque,PUBLICO,VOLQUETA,11
2017,5,Otro,PARTICULAR,MOTOCICLETA,2
2017,5,Otro,PUBLICO,AUTOMOVIL,1
2017,5,Otro,PUBLICO,BUSETA,1
2017,5,Volcamiento,PARTICULAR,AUTOMOVIL,1
2017,5,Volcamiento,PARTICULAR,CAMIONETA,1
2017,5,Volcamiento,PUBLICO,BUSETA,1
2017,5,Volcamiento,PUBLICO,CAMIONETA,1
2017,6,Atropello,OFICIAL,MOTOCICLETA,1
2017,6,Atropello,PARTICULAR,AUTOMOVIL,3
2017,6,Atropello,PARTICULAR,CAMIONETA,1
2017,6,Atropello,PARTICULAR,MOTOCICLETA,3
2017,6,Atropello,PUBLICO,AUTOMOVIL,2
2017,6,Atropello,PUBLICO,BUS,1
2017,6,Atropello,PUBLICO,CAMION,1
2017,6,Caida Ocupante,PUBLICO,BUS,1
2017,6,Choque,DESCONOCIDO,DESCONOCIDA,2
2017,6,Choque,DESCONOCIDO,AUTOMOVIL,1
2017,6,Choque,DESCONOCIDO,BICICLETA,3
2017,6,Choque,DESCONOCIDO,DESCONOCIDA,3
2017,6,Choque,OFICIAL,AUTOMOVIL,1
2017,6,Choque,OFICIAL,CAMIONETA,1
2017,6,Choque,OFICIAL,CAMPERO,1
2017,6,Choque,OFICIAL,MOTOCICLETA,3
2017,6,Choque,PARTICULAR,AUTOMOVIL,317
2017,6,Choque,PARTICULAR,BUSETA,1
2017,6,Choque,PARTICULAR,CAMION,10
2017,6,Choque,PARTICULAR,CAMIONETA,123
2017,6,Choque,PARTICULAR,CAMPERO,39
2017,6,Choque,PARTICULAR,MOTOCICLETA,117
2017,6,Choque,PARTICULAR,VOLQUETA,2
2017,6,Choque,PUBLICO,AUTOMOVIL,174
2017,6,Choque,PUBLICO,BUS,72
2017,6,Choque,PUBLICO,BUSETA,25
2017,6,Choque,PUBLICO,CAMION,32
2017,6,Choque,PUBLICO,CAMIONETA,26
2017,6,Choque,PUBLICO,CAMPERO,1
2017,6,Choque,PUBLICO,MICROBUS,8
2017,6,Choque,PUBLICO,TRACTO/CAMION,13
2017,6,Choque,PUBLICO,VOLQUETA,8
2017,6,Otro,PARTICULAR,AUTOMOVIL,2
2017,6,Otro,PARTICULAR,MOTOCICLETA,2
2017,6,Otro,PUBLICO,BUS,3
2017,6,Otro,PUBLICO,BUSETA,1
2017,6,Volcamiento,PARTICULAR,CAMIONETA,1
2017,7,Atropello,PARTICULAR,AUTOMOVIL,3
2017,7,Atropello,PARTICULAR,CAMIONETA,1
2017,7,Atropello,PARTICULAR,MOTOCICLETA,6
2017,7,Atropello,PUBLICO,AUTOMOVIL,3
2017,7,Atropello,PUBLICO,BUS,2
2017,7,Atropello,PUBLICO,BUSETA,1
2017,7,Caida Ocupante,PUBLICO,BUS,1
2017,7,Choque,DESCONOCIDO,AUTOMOVIL,6
2017,7,Choque,DESCONOCIDO,BICICLETA,8
2017,7,Choque,DESCONOCIDO,TRACCION ANIMAL,1
2017,7,Choque,DIPLOMATICO,CAMION,1
2017,7,Choque,OFICIAL,AUTOMOVIL,1
2017,7,Choque,OFICIAL,CAMION,1
2017,7,Choque,OFICIAL,CAMIONETA,3
2017,7,Choque,OFICIAL,CAMPERO,3
2017,7,Choque,OFICIAL,MOTOCICLETA,1
2017,7,Choque,PARTICULAR,AUTOMOVIL,347
2017,7,Choque,PARTICULAR,CAMION,7
2017,7,Choque,PARTICULAR,CAMIONETA,113
2017,7,Choque,PARTICULAR,CAMPERO,34
2017,7,Choque,PARTICULAR,DUMPER VOLQUETAARTICULADA,1
2017,7,Choque,PARTICULAR,MAQUINARIA INDUSTRIAL,1
2017,7,Choque,PARTICULAR,MICROBUS,2
2017,7,Choque,PARTICULAR,MOTOCARRO,1
2017,7,Choque,PARTICULAR,MOTOCICLETA,114
2017,7,Choque,PARTICULAR,VOLQUETA,1
2017,7,Choque,PUBLICO,AUTOMOVIL,186
2017,7,Choque,PUBLICO,BUS,91
2017,7,Choque,PUBLICO,BUSETA,38
2017,7,Choque,PUBLICO,CAMION,47
2017,7,Choque,PUBLICO,CAMIONETA,20
2017,7,Choque,PUBLICO,MICROBUS,14
2017,7,Choque,PUBLICO,TRACTO/CAMION,20
2017,7,Choque,PUBLICO,VOLQUETA,6
2017,7,Incendio,OFICIAL,MOTOCICLETA,1
2017,7,Otro,PARTICULAR,CAMIONETA,1
2017,7,Otro,PARTICULAR,MOTOCICLETA,2
2017,7,Otro,PUBLICO,AUTOMOVIL,1
2017,7,Otro,PUBLICO,BUS,1
2017,7,Otro,PUBLICO,MICROBUS,1
2017,7,Volcamiento,PARTICULAR,AUTOMOVIL,1
2017,7,Volcamiento,PUBLICO,CAMION,1
2017,7,Volcamiento,PUBLICO,CAMIONETA,1
2017,8,Atropello,DESCONOCIDO,BICICLETA,1
2017,8,Atropello,PARTICULAR,AUTOMOVIL,4
2017,8,Atropello,PARTICULAR,CAMIONETA,1
2017,8,Atropello,PARTICULAR,MOTOCICLETA,7
2017,8,Atropello,PUBLICO,AUTOMOVIL,3
2017,8,Atropello,PUBLICO,BUS,1
2017,8,Caida Ocupante,PARTICULAR,MOTOCICLETA,1
2017,8,Caida Ocupante,PUBLICO,AUTOMOVIL,1
2017,8,Caida Ocupante,PUBLICO,BUS,3
2017,8,Caida Ocupante,PUBLICO,BUSETA,2
2017,8,Caida Ocupante,PUBLICO,CAMIONETA,1
2017,8,Choque,DESCONOCIDO,AUTOMOVIL,3
2017,8,Choque,DESCONOCIDO,BICICLETA,6
2017,8,Choque,DESCONOCIDO,MOTOCICLETA,1
2017,8,Choque,OFICIAL,CAMIONETA,2
2017,8,Choque,OFICIAL,MOTOCICLETA,2
2017,8,Choque,PARTICULAR,AUTOMOVIL,340
2017,8,Choque,PARTICULAR,CAMION,11
2017,8,Choque,PARTICULAR,CAMIONETA,105
2017,8,Choque,PARTICULAR,CAMPERO,26
2017,8,Choque,PARTICULAR,MICROBUS,1
2017,8,Choque,PARTICULAR,MOTOCARRO,1
2017,8,Choque,PARTICULAR,MOTOCICLETA,123
2017,8,Choque,PARTICULAR,TRACTO/CAMION,2
2017,8,Choque,PARTICULAR,VOLQUETA,1
2017,8,Choque,PUBLICO,AUTOMOVIL,173
2017,8,Choque,PUBLICO,BUS,106
2017,8,Choque,PUBLICO,BUSETA,36
2017,8,Choque,PUBLICO,CAMION,41
2017,8,Choque,PUBLICO,CAMIONETA,21
2017,8,Choque,PUBLICO,MICROBUS,8
2017,8,Choque,PUBLICO,TRACTO/CAMION,24
2017,8,Choque,PUBLICO,VOLQUETA,11
2017,8,Otro,OFICIAL,MOTOCICLETA,3
2017,8,Otro,PARTICULAR,AUTOMOVIL,1
2017,8,Volcamiento,PARTICULAR,MOTOCICLETA,1
2017,9,Atropello,PARTICULAR,AUTOMOVIL,4
2017,9,Atropello,PARTICULAR,CAMION,1
2017,9,Atropello,PARTICULAR,MAQUINARIA AGRICOLA,1
2017,9,Atropello,PARTICULAR,MOTOCICLETA,4
2017,9,Atropello,PUBLICO,AUTOMOVIL,4
2017,9,Atropello,PUBLICO,BUS,2
2017,9,Atropello,PUBLICO,CAMION,1
2017,9,Atropello,PUBLICO,MICROBUS,1
2017,9,Caida Ocupante,PUBLICO,TRACTO/CAMION,1
2017,9,Choque,DESCONOCIDO,BICICLETA,4
2017,9,Choque,DESCONOCIDO,CAMION,1
2017,9,Choque,DESCONOCIDO,MAQUINARIA AGRICOLA,1
2017,9,Choque,DESCONOCIDO,MOTOCICLETA,1
2017,9,Choque,DESCONOCIDO,TRACCION ANIMAL,1
2017,9,Choque,OFICIAL,AUTOMOVIL,1
2017,9,Choque,OFICIAL,CAMIONETA,2
2017,9,Choque,OFICIAL,MOTOCICLETA,3
2017,9,Choque,OFICIAL,VOLQUETA,1
2017,9,Choque,PARTICULAR,AUTOMOVIL,330
2017,9,Choque,PARTICULAR,CAMION,7
2017,9,Choque,PARTICULAR,CAMIONETA,112
2017,9,Choque,PARTICULAR,CAMPERO,32
2017,9,Choque,PARTICULAR,MOTOCICLETA,126
2017,9,Choque,PARTICULAR,TRACTO/CAMION,1
2017,9,Choque,PUBLICO,AUTOMOVIL,154
2017,9,Choque,PUBLICO,BUS,85
2017,9,Choque,PUBLICO,BUSETA,31
2017,9,Choque,PUBLICO,CAMION,30
2017,9,Choque,PUBLICO,CAMIONETA,24
2017,9,Choque,PUBLICO,CAMPERO,1
2017,9,Choque,PUBLICO,MICROBUS,16
2017,9,Choque,PUBLICO,TRACTO/CAMION,15
2017,9,Choque,PUBLICO,VOLQUETA,9
2017,9,Choque,No Aplica,CAMION,1
2017,9,Volcamiento,PARTICULAR,CAMIONETA,1
2017,9,Volcamiento,PUBLICO,CAMIONETA,1
2017,9,Volcamiento,PUBLICO,TRACTO/CAMION,1
2017,10,Atropello,OFICIAL,MOTOCICLETA,1
2017,10,Atropello,PARTICULAR,AUTOMOVIL,1
2017,10,Atropello,PARTICULAR,CAMIONETA,3
2017,10,Atropello,PARTICULAR,CAMPERO,1
2017,10,Atropello,PARTICULAR,MOTOCICLETA,5
2017,10,Atropello,PUBLICO,AUTOMOVIL,2
2017,10,Atropello,PUBLICO,BUS,5
2017,10,Atropello,PUBLICO,VOLQUETA,1
2017,10,Caida Ocupante,PUBLICO,BUS,2
2017,10,Caida Ocupante,PUBLICO,BUSETA,1
2017,10,Choque,DESCONOCIDO,AUTOMOVIL,2
2017,10,Choque,DESCONOCIDO,BICICLETA,4
2017,10,Choque,DESCONOCIDO,BUS,1
2017,10,Choque,DESCONOCIDO,DESCONOCIDA,1
2017,10,Choque,DESCONOCIDO,MAQUINARIA INDUSTRIAL,1
2017,10,Choque,OFICIAL,CAMION,1
2017,10,Choque,OFICIAL,CAMIONETA,2
2017,10,Choque,OFICIAL,MOTOCICLETA,5
2017,10,Choque,PARTICULAR,AUTOMOVIL,350
2017,10,Choque,PARTICULAR,BUS,1
2017,10,Choque,PARTICULAR,CAMION,4
2017,10,Choque,PARTICULAR,CAMIONETA,99
2017,10,Choque,PARTICULAR,CAMPERO,30
2017,10,Choque,PARTICULAR,MOTOCICLETA,122
2017,10,Choque,PARTICULAR,TRACTO/CAMION,2
2017,10,Choque,PARTICULAR,VOLQUETA,4
2017,10,Choque,PUBLICO,AUTOMOVIL,155
2017,10,Choque,PUBLICO,BUS,90
2017,10,Choque,PUBLICO,BUSETA,34
2017,10,Choque,PUBLICO,CAMION,39
2017,10,Choque,PUBLICO,CAMIONETA,14
2017,10,Choque,PUBLICO,MICROBUS,8
2017,10,Choque,PUBLICO,TRACTO/CAMION,22
2017,10,Choque,PUBLICO,VOLQUETA,10
2017,10,Incendio,PUBLICO,BUS,1
2017,10,Otro,PARTICULAR,AUTOMOVIL,1
2017,10,Otro,PARTICULAR,CAMION,1
2017,10,Otro,PARTICULAR,CAMIONETA,1
2017,10,Otro,PARTICULAR,MOTOCICLETA,3
2017,10,Otro,PUBLICO,TRACTO/CAMION,1
2017,10,Volcamiento,PUBLICO,TRACTO/CAMION,1
2017,11,Atropello,OFICIAL,MOTOCICLETA,1
2017,11,Atropello,PARTICULAR,AUTOMOVIL,5
2017,11,Atropello,PARTICULAR,CAMIONETA,1
2017,11,Atropello,PARTICULAR,MOTOCICLETA,5
2017,11,Atropello,PARTICULAR,TRACTO/CAMION,1
2017,11,Atropello,PUBLICO,AUTOMOVIL,6
2017,11,Atropello,PUBLICO,BUS,2
2017,11,Atropello,PUBLICO,BUSETA,1
2017,11,Atropello,PUBLICO,TRACTO/CAMION,1
2017,11,Caida Ocupante,PUBLICO,BUS,1
2017,11,Caida Ocupante,PUBLICO,BUSETA,1
2017,11,Choque,DESCONOCIDO,AUTOMOVIL,3
2017,11,Choque,DESCONOCIDO,BICICLETA,9
2017,11,Choque,DESCONOCIDO,BUS,1
2017,11,Choque,DESCONOCIDO,CAMIONETA,1
2017,11,Choque,DESCONOCIDO,TRACCION ANIMAL,2
2017,11,Choque,DESCONOCIDO,VOLQUETA,1
2017,11,Choque,DIPLOMATICO,CAMPERO,1
2017,11,Choque,OFICIAL,AUTOMOVIL,2
2017,11,Choque,OFICIAL,CAMIONETA,1
2017,11,Choque,OFICIAL,CAMPERO,2
2017,11,Choque,OFICIAL,MOTOCICLETA,3
2017,11,Choque,PARTICULAR,AUTOMOVIL,362
2017,11,Choque,PARTICULAR,BUSETA,2
2017,11,Choque,PARTICULAR,CAMION,7
2017,11,Choque,PARTICULAR,CAMIONETA,127
2017,11,Choque,PARTICULAR,CAMPERO,41
2017,11,Choque,PARTICULAR,MOTOCICLETA,150
2017,11,Choque,PARTICULAR,TRACTO/CAMION,1
2017,11,Choque,PARTICULAR,VOLQUETA,2
2017,11,Choque,PUBLICO,AUTOMOVIL,166
2017,11,Choque,PUBLICO,BUS,112
2017,11,Choque,PUBLICO,BUSETA,28
2017,11,Choque,PUBLICO,CAMION,46
2017,11,Choque,PUBLICO,CAMIONETA,32
2017,11,Choque,PUBLICO,MICROBUS,14
2017,11,Choque,PUBLICO,TRACTO/CAMION,14
2017,11,Choque,PUBLICO,VOLQUETA,8
2017,11,Otro,OFICIAL,MOTOCICLETA,1
2017,11,Otro,PARTICULAR,MOTOCICLETA,1
2017,11,Volcamiento,PARTICULAR,AUTOMOVIL,2
2017,11,Volcamiento,PARTICULAR,CAMIONETA,1
2017,12,Atropello,DESCONOCIDO,AUTOMOVIL,1
2017,12,Atropello,OFICIAL,CAMPERO,1
2017,12,Atropello,PARTICULAR,AUTOMOVIL,10
2017,12,Atropello,PARTICULAR,CAMIONETA,1
2017,12,Atropello,PARTICULAR,MOTOCICLETA,10
2017,12,Atropello,PUBLICO,AUTOMOVIL,5
2017,12,Atropello,PUBLICO,BUS,1
2017,12,Atropello,PUBLICO,BUSETA,1
2017,12,Caida Ocupante,PUBLICO,BUS,5
2017,12,Caida Ocupante,PUBLICO,MICROBUS,1
2017,12,Choque,DESCONOCIDO,AUTOMOVIL,3
2017,12,Choque,DESCONOCIDO,BICICLETA,9
2017,12,Choque,DESCONOCIDO,CARRETILLA ELEVADORA,1
2017,12,Choque,DESCONOCIDO,MOTOCICLETA,1
2017,12,Choque,OFICIAL,CAMION,1
2017,12,Choque,OFICIAL,CAMIONETA,1
2017,12,Choque,OFICIAL,CAMPERO,1
2017,12,Choque,OFICIAL,MOTOCICLETA,2
2017,12,Choque,PARTICULAR,AUTOMOVIL,348
2017,12,Choque,PARTICULAR,CAMION,4
2017,12,Choque,PARTICULAR,CAMIONETA,130
2017,12,Choque,PARTICULAR,CAMPERO,36
2017,12,Choque,PARTICULAR,MOTOCICLETA,112
2017,12,Choque,PARTICULAR,VOLQUETA,2
2017,12,Choque,PUBLICO,AUTOMOVIL,152
2017,12,Choque,PUBLICO,BUS,76
2017,12,Choque,PUBLICO,BUSETA,29
2017,12,Choque,PUBLICO,CAMION,37
2017,12,Choque,PUBLICO,CAMIONETA,26
2017,12,Choque,PUBLICO,CAMPERO,1
2017,12,Choque,PUBLICO,MICROBUS,14
2017,12,Choque,PUBLICO,TRACTO/CAMION,21
2017,12,Choque,PUBLICO,VOLQUETA,9
2017,12,Otro,PARTICULAR,MOTOCICLETA,1
2017,12,Volcamiento,PARTICULAR,AUTOMOVIL,2
2017,12,Volcamiento,PARTICULAR,MOTOCICLETA,2
2018,1,Atropello,OFICIAL,MOTOCICLETA,1
2018,1,Atropello,PARTICULAR,AUTOMOVIL,3
2018,1,Atropello,PARTICULAR,CAMIONETA,2
2018,1,Atropello,PARTICULAR,MOTOCICLETA,10
2018,1,Atropello,PUBLICO,AUTOMOVIL,3
2018,1,Atropello,PUBLICO,BUS,4
2018,1,Atropello,PUBLICO,CAMION,2
2018,1,Atropello,PUBLICO,VOLQUETA,1
2018,1,Caida Ocupante,PUBLICO,BUS,1
2018,1,Caida Ocupante,PUBLICO,BUSETA,1
2018,1,Choque,DESCONOCIDO,AUTOMOVIL,4
2018,1,Choque,DESCONOCIDO,BICICLETA,7
2018,1,Choque,DESCONOCIDO,MOTOCICLETA,1
2018,1,Choque,DESCONOCIDO,REMOLQUE,1
2018,1,Choque,DESCONOCIDO,SEMIREMOLQUE,1
2018,1,Choque,DESCONOCIDO,TRACCION ANIMAL,1
2018,1,Choque,OFICIAL,BUS,1
2018,1,Choque,OFICIAL,CAMIONETA,2
2018,1,Choque,OFICIAL,MOTOCICLETA,2
2018,1,Choque,PARTICULAR,AUTOMOVIL,298
2018,1,Choque,PARTICULAR,BUS,1
2018,1,Choque,PARTICULAR,CAMION,5
2018,1,Choque,PARTICULAR,CAMIONETA,106
2018,1,Choque,PARTICULAR,CAMPERO,26
2018,1,Choque,PARTICULAR,MOTOCARRO,1
2018,1,Choque,PARTICULAR,MOTOCICLETA,116
2018,1,Choque,PARTICULAR,VOLQUETA,2
2018,1,Choque,PUBLICO,AUTOMOVIL,139
2018,1,Choque,PUBLICO,BUS,81
2018,1,Choque,PUBLICO,BUSETA,18
2018,1,Choque,PUBLICO,CAMION,31
2018,1,Choque,PUBLICO,CAMIONETA,15
2018,1,Choque,PUBLICO,MICROBUS,6
2018,1,Choque,PUBLICO,TRACTO/CAMION,14
2018,1,Choque,PUBLICO,VOLQUETA,12
2018,2,Atropello,OFICIAL,CAMIONETA,1
2018,2,Atropello,PARTICULAR,AUTOMOVIL,4
2018,2,Atropello,PARTICULAR,CAMIONETA,1
2018,2,Atropello,PARTICULAR,MOTOCICLETA,8
2018,2,Atropello,PUBLICO,AUTOMOVIL,4
2018,2,Atropello,PUBLICO,BUS,2
2018,2,Atropello,PUBLICO,MICROBUS,1
2018,2,Atropello,PUBLICO,VOLQUETA,1
2018,2,Caida Ocupante,PUBLICO,BUS,4
2018,2,Caida Ocupante,PUBLICO,MICROBUS,1
2018,2,Choque,DESCONOCIDO,AUTOMOVIL,1
2018,2,Choque,DESCONOCIDO,BICICLETA,6
2018,2,Choque,DESCONOCIDO,MOTOCICLETA,2
2018,2,Choque,OFICIAL,AUTOMOVIL,2
2018,2,Choque,OFICIAL,CAMION,1
2018,2,Choque,OFICIAL,CAMIONETA,1
2018,2,Choque,OFICIAL,CAMPERO,2
2018,2,Choque,OFICIAL,MOTOCICLETA,5
2018,2,Choque,PARTICULAR,AUTOMOVIL,287
2018,2,Choque,PARTICULAR,BUS,1
2018,2,Choque,PARTICULAR,CAMION,2
2018,2,Choque,PARTICULAR,CAMIONETA,109
2018,2,Choque,PARTICULAR,CAMPERO,25
2018,2,Choque,PARTICULAR,MOTOCICLETA,102
2018,2,Choque,PARTICULAR,VOLQUETA,1
2018,2,Choque,PUBLICO,AUTOMOVIL,153
2018,2,Choque,PUBLICO,BUS,66
2018,2,Choque,PUBLICO,BUSETA,29
2018,2,Choque,PUBLICO,CAMION,28
2018,2,Choque,PUBLICO,CAMIONETA,21
2018,2,Choque,PUBLICO,MICROBUS,11
2018,2,Choque,PUBLICO,TRACTO/CAMION,17
2018,2,Choque,PUBLICO,VOLQUETA,13
2018,2,Incendio,OFICIAL,CAMPERO,1
2018,2,Otro,PARTICULAR,MOTOCICLETA,1
2018,2,Volcamiento,PARTICULAR,CAMPERO,1
2018,2,Volcamiento,PUBLICO,AUTOMOVIL,3
2018,2,Volcamiento,PUBLICO,CAMIONETA,2
2018,3,Atropello,PARTICULAR,AUTOMOVIL,2
2018,3,Atropello,PARTICULAR,CAMION,1
2018,3,Atropello,PARTICULAR,CAMIONETA,4
2018,3,Atropello,PARTICULAR,CAMPERO,2
2018,3,Atropello,PARTICULAR,MICROBUS,1
2018,3,Atropello,PARTICULAR,MOTOCICLETA,7
2018,3,Atropello,PUBLICO,AUTOMOVIL,3
2018,3,Atropello,PUBLICO,BUS,1
2018,3,Atropello,PUBLICO,MICROBUS,1
2018,3,Caida Ocupante,PUBLICO,BUS,2
2018,3,Caida Ocupante,PUBLICO,BUSETA,1
2018,3,Choque,DESCONOCIDO,DESCONOCIDA,1
2018,3,Choque,DESCONOCIDO,AUTOMOVIL,4
2018,3,Choque,DESCONOCIDO,BICICLETA,12
2018,3,Choque,OFICIAL,AUTOMOVIL,1
2018,3,Choque,OFICIAL,CAMIONETA,1
2018,3,Choque,OFICIAL,MOTOCICLETA,1
2018,3,Choque,PARTICULAR,AUTOMOVIL,343
2018,3,Choque,PARTICULAR,BUS,1
2018,3,Choque,PARTICULAR,CAMION,8
2018,3,Choque,PARTICULAR,CAMIONETA,117
2018,3,Choque,PARTICULAR,CAMPERO,37
2018,3,Choque,PARTICULAR,MOTOCARRO,3
2018,3,Choque,PARTICULAR,MOTOCICLETA,131
2018,3,Choque,PARTICULAR,TRACTO/CAMION,1
2018,3,Choque,PARTICULAR,VOLQUETA,2
2018,3,Choque,PUBLICO,AUTOMOVIL,154
2018,3,Choque,PUBLICO,BUS,71
2018,3,Choque,PUBLICO,BUSETA,23
2018,3,Choque,PUBLICO,CAMION,38
2018,3,Choque,PUBLICO,CAMIONETA,22
2018,3,Choque,PUBLICO,MICROBUS,9
2018,3,Choque,PUBLICO,TRACTO/CAMION,21
2018,3,Choque,PUBLICO,VOLQUETA,13
2018,3,Otro,PARTICULAR,AUTOMOVIL,1
2018,3,Otro,PARTICULAR,CAMIONETA,1
2018,3,Volcamiento,OFICIAL,MOTOCICLETA,1
2018,3,Volcamiento,PUBLICO,AUTOMOVIL,1
2018,4,Atropello,PARTICULAR,AUTOMOVIL,3
2018,4,Atropello,PARTICULAR,MOTOCICLETA,4
2018,4,Atropello,PUBLICO,AUTOMOVIL,9
2018,4,Atropello,PUBLICO,BUS,2
2018,4,Atropello,PUBLICO,CAMION,2
2018,4,Atropello,PUBLICO,CAMIONETA,1
2018,4,Atropello,PUBLICO,MICROBUS,2
2018,4,Caida Ocupante,PARTICULAR,MOTOCICLETA,1
2018,4,Caida Ocupante,PUBLICO,BUS,3
2018,4,Choque,DESCONOCIDO,AUTOMOVIL,2
2018,4,Choque,DESCONOCIDO,BICICLETA,8
2018,4,Choque,DESCONOCIDO,MOTOCICLETA,1
2018,4,Choque,DESCONOCIDO,TRACCION ANIMAL,1
2018,4,Choque,OFICIAL,AUTOMOVIL,2
2018,4,Choque,OFICIAL,BUSETA,1
2018,4,Choque,OFICIAL,CAMIONETA,2
2018,4,Choque,OFICIAL,MOTOCICLETA,3
2018,4,Choque,PARTICULAR,AUTOMOVIL,370
2018,4,Choque,PARTICULAR,BUSETA,1
2018,4,Choque,PARTICULAR,CAMION,9
2018,4,Choque,PARTICULAR,CAMIONETA,122
2018,4,Choque,PARTICULAR,CAMPERO,34
2018,4,Choque,PARTICULAR,MAQUINARIA AGRICOLA,1
2018,4,Choque,PARTICULAR,MICROBUS,2
2018,4,Choque,PARTICULAR,MOTOCICLETA,140
2018,4,Choque,PARTICULAR,VOLQUETA,2
2018,4,Choque,PUBLICO,AUTOMOVIL,122
2018,4,Choque,PUBLICO,BUS,78
2018,4,Choque,PUBLICO,BUSETA,27
2018,4,Choque,PUBLICO,CAMION,28
2018,4,Choque,PUBLICO,CAMIONETA,23
2018,4,Choque,PUBLICO,MICROBUS,10
2018,4,Choque,PUBLICO,TRACTO/CAMION,12
2018,4,Choque,PUBLICO,VOLQUETA,11
2018,4,Otro,PARTICULAR,AUTOMOVIL,1
2018,4,Otro,PARTICULAR,MOTOCICLETA,2
2018,4,Otro,PUBLICO,TRACTO/CAMION,1
2018,4,Volcamiento,PARTICULAR,AUTOMOVIL,2
2018,4,Volcamiento,PUBLICO,CAMION,1
2018,5,Atropello,DESCONOCIDO,BICICLETA,1
2018,5,Atropello,OFICIAL,MOTOCICLETA,1
2018,5,Atropello,PARTICULAR,AUTOMOVIL,7
2018,5,Atropello,PARTICULAR,CAMIONETA,3
2018,5,Atropello,PARTICULAR,MOTOCICLETA,4
2018,5,Atropello,PUBLICO,AUTOMOVIL,2
2018,5,Atropello,PUBLICO,BUS,3
2018,5,Atropello,PUBLICO,BUSETA,1
2018,5,Atropello,PUBLICO,MICROBUS,1
2018,5,Atropello,PUBLICO,VOLQUETA,1
2018,5,Caida Ocupante,OFICIAL,MOTOCICLETA,1
2018,5,Caida Ocupante,PARTICULAR,AUTOMOVIL,1
2018,5,Caida Ocupante,PARTICULAR,MOTOCICLETA,1
2018,5,Caida Ocupante,PUBLICO,BUS,3
2018,5,Caida Ocupante,PUBLICO,MICROBUS,1
2018,5,Choque,DESCONOCIDO,AUTOMOVIL,2
2018,5,Choque,DESCONOCIDO,BICICLETA,4
2018,5,Choque,DESCONOCIDO,TRACCION ANIMAL,1
2018,5,Choque,OFICIAL,AUTOMOVIL,2
2018,5,Choque,OFICIAL,CAMIONETA,1
2018,5,Choque,OFICIAL,MOTOCICLETA,6
2018,5,Choque,PARTICULAR,AUTOMOVIL,295
2018,5,Choque,PARTICULAR,CAMION,11
2018,5,Choque,PARTICULAR,CAMIONETA,117
2018,5,Choque,PARTICULAR,CAMPERO,27
2018,5,Choque,PARTICULAR,MOTOCARRO,1
2018,5,Choque,PARTICULAR,MOTOCICLETA,109
2018,5,Choque,PARTICULAR,RETROEXCAVADORA,1
2018,5,Choque,PARTICULAR,TRACTO/CAMION,1
2018,5,Choque,PARTICULAR,VOLQUETA,2
2018,5,Choque,PUBLICO,AUTOMOVIL,153
2018,5,Choque,PUBLICO,BUS,78
2018,5,Choque,PUBLICO,BUSETA,31
2018,5,Choque,PUBLICO,CAMION,29
2018,5,Choque,PUBLICO,CAMIONETA,16
2018,5,Choque,PUBLICO,MICROBUS,12
2018,5,Choque,PUBLICO,TRACTO/CAMION,6
2018,5,Choque,PUBLICO,VOLQUETA,7
2018,5,Incendio,PUBLICO,BUS,1
2018,5,Otro,PARTICULAR,MOTOCICLETA,1
2018,5,Volcamiento,PARTICULAR,CAMIONETA,1
2018,5,Volcamiento,PUBLICO,CAMIONETA,1
2018,6,Atropello,DESCONOCIDO,MAQUINARIA INDUSTRIAL,1
2018,6,Atropello,PARTICULAR,AUTOMOVIL,6
2018,6,Atropello,PARTICULAR,MOTOCICLETA,10
2018,6,Atropello,PUBLICO,AUTOMOVIL,4
2018,6,Atropello,PUBLICO,BUS,3
2018,6,Atropello,PUBLICO,CAMION,1
2018,6,Atropello,PUBLICO,MICROBUS,1
2018,6,Choque,DESCONOCIDO,AUTOMOVIL,2
2018,6,Choque,DESCONOCIDO,BICICLETA,6
2018,6,Choque,DESCONOCIDO,DESCONOCIDA,1
2018,6,Choque,DESCONOCIDO,MONTACARGAS,1
2018,6,Choque,DESCONOCIDO,MOTOCICLETA,3
2018,6,Choque,DESCONOCIDO,TRACCION ANIMAL,1
2018,6,Choque,OFICIAL,AUTOMOVIL,2
2018,6,Choque,OFICIAL,CAMIONETA,1
2018,6,Choque,OFICIAL,CAMPERO,2
2018,6,Choque,OFICIAL,MOTOCICLETA,3
2018,6,Choque,PARTICULAR,AUTOMOVIL,290
2018,6,Choque,PARTICULAR,CAMION,9
2018,6,Choque,PARTICULAR,CAMIONETA,95
2018,6,Choque,PARTICULAR,CAMPERO,23
2018,6,Choque,PARTICULAR,MOTOCICLETA,113
2018,6,Choque,PARTICULAR,TRACTO/CAMION,1
2018,6,Choque,PARTICULAR,VOLQUETA,1
2018,6,Choque,PUBLICO,AUTOMOVIL,153
2018,6,Choque,PUBLICO,BUS,76
2018,6,Choque,PUBLICO,BUSETA,19
2018,6,Choque,PUBLICO,CAMION,43
2018,6,Choque,PUBLICO,CAMIONETA,15
2018,6,Choque,PUBLICO,MICROBUS,11
2018,6,Choque,PUBLICO,TRACTO/CAMION,11
2018,6,Choque,PUBLICO,VOLQUETA,4
2018,6,Otro,PARTICULAR,AUTOMOVIL,1
2018,6,Otro,PARTICULAR,MOTOCICLETA,2
2018,6,Volcamiento,OFICIAL,MOTOCICLETA,1
2018,6,Volcamiento,PARTICULAR,CAMIONETA,1
2018,7,Atropello,DESCONOCIDO,AUTOMOVIL,1
2018,7,Atropello,PARTICULAR,AUTOMOVIL,4
2018,7,Atropello,PARTICULAR,CAMIONETA,2
2018,7,Atropello,PARTICULAR,MOTOCICLETA,6
2018,7,Atropello,PUBLICO,AUTOMOVIL,3
2018,7,Atropello,PUBLICO,BUS,2
2018,7,Atropello,PUBLICO,CAMION,1
2018,7,Caida Ocupante,PUBLICO,BUS,1
2018,7,Choque,DESCONOCIDO,AUTOMOVIL,1
2018,7,Choque,DESCONOCIDO,BICICLETA,9
2018,7,Choque,DESCONOCIDO,MAQUINARIA INDUSTRIAL,1
2018,7,Choque,DESCONOCIDO,MOTOCICLETA,2
2018,7,Choque,DESCONOCIDO,TRACCION ANIMAL,2
2018,7,Choque,OFICIAL,CAMION,1
2018,7,Choque,OFICIAL,CAMPERO,1
2018,7,Choque,OFICIAL,MOTOCICLETA,6
2018,7,Choque,OFICIAL,TRACTO/CAMION,1
2018,7,Choque,PARTICULAR,AUTOMOVIL,284
2018,7,Choque,PARTICULAR,CAMION,9
2018,7,Choque,PARTICULAR,CAMIONETA,94
2018,7,Choque,PARTICULAR,CAMPERO,23
2018,7,Choque,PARTICULAR,MOTOCARRO,1
2018,7,Choque,PARTICULAR,MOTOCICLETA,103
2018,7,Choque,PUBLICO,AUTOMOVIL,137
2018,7,Choque,PUBLICO,BUS,85
2018,7,Choque,PUBLICO,BUSETA,30
2018,7,Choque,PUBLICO,CAMION,31
2018,7,Choque,PUBLICO,CAMIONETA,19
2018,7,Choque,PUBLICO,CAMPERO,1
2018,7,Choque,PUBLICO,MICROBUS,13
2018,7,Choque,PUBLICO,TRACTO/CAMION,15
2018,7,Choque,PUBLICO,VOLQUETA,7
2018,8,Atropello,DESCONOCIDO,MOTOCICLETA,1
2018,8,Atropello,OFICIAL,MOTOCICLETA,1
2018,8,Atropello,PARTICULAR,AUTOMOVIL,5
2018,8,Atropello,PARTICULAR,CAMIONETA,2
2018,8,Atropello,PARTICULAR,MOTOCICLETA,10
2018,8,Atropello,PUBLICO,AUTOMOVIL,5
2018,8,Atropello,PUBLICO,BUSETA,2
2018,8,Atropello,PUBLICO,CAMION,1
2018,8,Atropello,PUBLICO,MICROBUS,2
2018,8,Atropello,PUBLICO,TRACTO/CAMION,1
2018,8,Atropello,PUBLICO,VOLQUETA,1
2018,8,Choque,DESCONOCIDO,AUTOMOVIL,1
2018,8,Choque,DESCONOCIDO,BICICLETA,6
2018,8,Choque,DESCONOCIDO,DESCONOCIDA,2
2018,8,Choque,DESCONOCIDO,RETROEXCAVADORA,1
2018,8,Choque,DESCONOCIDO,TRACCION ANIMAL,1
2018,8,Choque,OFICIAL,CAMIONETA,2
2018,8,Choque,OFICIAL,CAMPERO,2
2018,8,Choque,OFICIAL,MOTOCICLETA,3
2018,8,Choque,PARTICULAR,AUTOMOVIL,288
2018,8,Choque,PARTICULAR,CAMION,7
2018,8,Choque,PARTICULAR,CAMIONETA,110
2018,8,Choque,PARTICULAR,CAMPERO,24
2018,8,Choque,PARTICULAR,MOTOCICLETA,105
2018,8,Choque,PARTICULAR,TRACTO/CAMION,1
2018,8,Choque,PARTICULAR,VOLQUETA,3
2018,8,Choque,PUBLICO,AUTOMOVIL,133
2018,8,Choque,PUBLICO,BUS,77
2018,8,Choque,PUBLICO,BUSETA,23
2018,8,Choque,PUBLICO,CAMION,40
2018,8,Choque,PUBLICO,CAMIONETA,24
2018,8,Choque,PUBLICO,MICROBUS,10
2018,8,Choque,PUBLICO,TRACTO/CAMION,15
2018,8,Choque,PUBLICO,VOLQUETA,15
2018,8,Otro,PARTICULAR,CAMIONETA,1
2018,8,Volcamiento,PUBLICO,CAMIONETA,1
2018,9,Atropello,PARTICULAR,AUTOMOVIL,1
2018,9,Atropello,PARTICULAR,CAMIONETA,2
2018,9,Atropello,PARTICULAR,MICROBUS,1
2018,9,Atropello,PARTICULAR,MOTOCICLETA,13
2018,9,Atropello,PARTICULAR,VOLQUETA,1
2018,9,Atropello,PUBLICO,AUTOMOVIL,1
2018,9,Atropello,PUBLICO,BUS,4
2018,9,Atropello,PUBLICO,CAMION,2
2018,9,Atropello,PUBLICO,MICROBUS,2
2018,9,Caida Ocupante,PUBLICO,BUS,1
2018,9,Caida Ocupante,PUBLICO,BUSETA,1
2018,9,Choque,DESCONOCIDO,BICICLETA,10
2018,9,Choque,DESCONOCIDO,DESCONOCIDA,1
2018,9,Choque,DESCONOCIDO,MOTOCICLETA,1
2018,9,Choque,DESCONOCIDO,TRACCION ANIMAL,1
2018,9,Choque,OFICIAL,CAMIONETA,1
2018,9,Choque,OFICIAL,CAMPERO,3
2018,9,Choque,OFICIAL,MOTOCICLETA,3
2018,9,Choque,PARTICULAR,AUTOMOVIL,340
2018,9,Choque,PARTICULAR,CAMION,7
2018,9,Choque,PARTICULAR,CAMIONETA,140
2018,9,Choque,PARTICULAR,CAMPERO,29
2018,9,Choque,PARTICULAR,MAQUINARIA INDUSTRIAL,1
2018,9,Choque,PARTICULAR,MICROBUS,1
2018,9,Choque,PARTICULAR,MOTOCARRO,2
2018,9,Choque,PARTICULAR,MOTOCICLETA,137
2018,9,Choque,PARTICULAR,TRACTO/CAMION,1
2018,9,Choque,PARTICULAR,VOLQUETA,1
2018,9,Choque,PUBLICO,AUTOMOVIL,155
2018,9,Choque,PUBLICO,BUS,80
2018,9,Choque,PUBLICO,BUSETA,31
2018,9,Choque,PUBLICO,CAMION,31
2018,9,Choque,PUBLICO,CAMIONETA,20
2018,9,Choque,PUBLICO,MICROBUS,13
2018,9,Choque,PUBLICO,TRACTO/CAMION,21
2018,9,Choque,PUBLICO,VOLQUETA,10
2018,9,Otro,PUBLICO,TRACTO/CAMION,2
2018,9,Volcamiento,PUBLICO,AUTOMOVIL,1
2018,10,Atropello,DESCONOCIDO,DESCONOCIDA,1
2018,10,Atropello,DESCONOCIDO,AUTOMOVIL,1
2018,10,Atropello,OFICIAL,MOTOCICLETA,1
2018,10,Atropello,PARTICULAR,AUTOMOVIL,3
2018,10,Atropello,PARTICULAR,CAMIONETA,3
2018,10,Atropello,PARTICULAR,CAMPERO,1
2018,10,Atropello,PARTICULAR,MOTOCICLETA,4
2018,10,Atropello,PUBLICO,AUTOMOVIL,1
2018,10,Atropello,PUBLICO,BUS,2
2018,10,Atropello,PUBLICO,BUSETA,1
2018,10,Atropello,PUBLICO,CAMION,2
2018,10,Atropello,PUBLICO,TRACTO/CAMION,2
2018,10,Atropello,PUBLICO,VOLQUETA,1
2018,10,Caida Ocupante,PUBLICO,BUSETA,2
2018,10,Choque,DESCONOCIDO,AUTOMOVIL,2
2018,10,Choque,DESCONOCIDO,BICICLETA,8
2018,10,Choque,DESCONOCIDO,DESCONOCIDA,1
2018,10,Choque,DESCONOCIDO,TRACCION ANIMAL,2
2018,10,Choque,OFICIAL,AUTOMOVIL,1
2018,10,Choque,OFICIAL,CAMIONETA,2
2018,10,Choque,OFICIAL,CAMPERO,1
2018,10,Choque,OFICIAL,MOTOCICLETA,2
2018,10,Choque,PARTICULAR,AUTOMOVIL,318
2018,10,Choque,PARTICULAR,BUS,1
2018,10,Choque,PARTICULAR,CAMION,8
2018,10,Choque,PARTICULAR,CAMIONETA,125
2018,10,Choque,PARTICULAR,CAMPERO,36
2018,10,Choque,PARTICULAR,MICROBUS,1
2018,10,Choque,PARTICULAR,MOTOCICLETA,119
2018,10,Choque,PARTICULAR,VOLQUETA,1
2018,10,Choque,PUBLICO,AUTOMOVIL,154
2018,10,Choque,PUBLICO,BUS,81
2018,10,Choque,PUBLICO,BUSETA,24
2018,10,Choque,PUBLICO,CAMION,35
2018,10,Choque,PUBLICO,CAMIONETA,19
2018,10,Choque,PUBLICO,MICROBUS,15
2018,10,Choque,PUBLICO,TRACTO/CAMION,16
2018,10,Choque,PUBLICO,VOLQUETA,8
2018,10,Incendio,PARTICULAR,AUTOMOVIL,1
2018,10,Otro,DESCONOCIDO,VOLQUETA,1
2018,10,Otro,PARTICULAR,MOTOCICLETA,1
2018,10,Volcamiento,PARTICULAR,AUTOMOVIL,2
2018,10,Volcamiento,PUBLICO,BUS,1
2018,10,Volcamiento,PUBLICO,CAMION,1
2018,11,Atropello,PARTICULAR,AUTOMOVIL,5
2018,11,Atropello,PARTICULAR,CAMIONETA,3
2018,11,Atropello,PARTICULAR,CAMPERO,1
2018,11,Atropello,PARTICULAR,MOTOCICLETA,10
2018,11,Atropello,PUBLICO,AUTOMOVIL,4
2018,11,Atropello,PUBLICO,BUS,2
2018,11,Atropello,PUBLICO,CAMION,1
2018,11,Atropello,PUBLICO,CAMIONETA,1
2018,11,Caida Ocupante,PUBLICO,BUS,3
2018,11,Choque,DESCONOCIDO,AUTOMOVIL,2
2018,11,Choque,DESCONOCIDO,BICICLETA,7
2018,11,Choque,DESCONOCIDO,CAMIONETA,1
2018,11,Choque,DESCONOCIDO,DESCONOCIDA,1
2018,11,Choque,DESCONOCIDO,MOTOCICLETA,1
2018,11,Choque,DESCONOCIDO,TRACCION ANIMAL,1
2018,11,Choque,OFICIAL,CAMION,2
2018,11,Choque,OFICIAL,CAMIONETA,2
2018,11,Choque,OFICIAL,CAMPERO,1
2018,11,Choque,OFICIAL,MOTOCICLETA,4
2018,11,Choque,PARTICULAR,AUTOMOVIL,307
2018,11,Choque,PARTICULAR,CAMION,12
2018,11,Choque,PARTICULAR,CAMIONETA,103
2018,11,Choque,PARTICULAR,CAMPERO,32
2018,11,Choque,PARTICULAR,MAQUINARIA INDUSTRIAL,1
2018,11,Choque,PARTICULAR,MOTOCICLETA,113
2018,11,Choque,PARTICULAR,VOLQUETA,2
2018,11,Choque,PUBLICO,AUTOMOVIL,137
2018,11,Choque,PUBLICO,BUS,93
2018,11,Choque,PUBLICO,BUSETA,32
2018,11,Choque,PUBLICO,CAMION,45
2018,11,Choque,PUBLICO,CAMIONETA,23
2018,11,Choque,PUBLICO,CAMPERO,1
2018,11,Choque,PUBLICO,MICROBUS,12
2018,11,Choque,PUBLICO,TRACTO/CAMION,17
2018,11,Choque,PUBLICO,VOLQUETA,10
2018,11,Otro,OFICIAL,AUTOMOVIL,1
2018,11,Otro,PARTICULAR,MOTOCICLETA,2
2018,11,Volcamiento,PARTICULAR,MOTOCICLETA,1
2018,11,Volcamiento,PUBLICO,TRACTO/CAMION,1
2018,12,Atropello,PARTICULAR,AUTOMOVIL,8
2018,12,Atropello,PARTICULAR,CAMIONETA,2
2018,12,Atropello,PARTICULAR,CAMPERO,1
2018,12,Atropello,PARTICULAR,MOTOCICLETA,10
2018,12,Atropello,PUBLICO,AUTOMOVIL,4
2018,12,Atropello,PUBLICO,BUS,1
2018,12,Caida Ocupante,OFICIAL,MOTOCICLETA,1
2018,12,Caida Ocupante,PUBLICO,AUTOMOVIL,1
2018,12,Caida Ocupante,PUBLICO,BUS,1
2018,12,Choque,DESCONOCIDO,AUTOMOVIL,5
2018,12,Choque,DESCONOCIDO,BICICLETA,4
2018,12,Choque,DESCONOCIDO,MOTOCICLETA,1
2018,12,Choque,OFICIAL,CAMIONETA,4
2018,12,Choque,OFICIAL,MOTOCICLETA,1
2018,12,Choque,PARTICULAR,AUTOMOVIL,350
2018,12,Choque,PARTICULAR,CAMION,7
2018,12,Choque,PARTICULAR,CAMIONETA,117
2018,12,Choque,PARTICULAR,CAMPERO,47
2018,12,Choque,PARTICULAR,MOTOCARRO,1
2018,12,Choque,PARTICULAR,MOTOCICLETA,98
2018,12,Choque,PARTICULAR,VOLQUETA,1
2018,12,Choque,PUBLICO,AUTOMOVIL,146
2018,12,Choque,PUBLICO,BUS,101
2018,12,Choque,PUBLICO,BUSETA,22
2018,12,Choque,PUBLICO,CAMION,30
2018,12,Choque,PUBLICO,CAMIONETA,27
2018,12,Choque,PUBLICO,CAMPERO,1
2018,12,Choque,PUBLICO,MICROBUS,9
2018,12,Choque,PUBLICO,TRACTO/CAMION,11
2018,12,Choque,PUBLICO,VOLQUETA,11
2018,12,Choque,No Aplica,CAMION,1
2018,12,Incendio,PARTICULAR,CAMIONETA,1
2018,12,Otro,PARTICULAR,AUTOMOVIL,1
2018,12,Otro,PARTICULAR,MOTOCICLETA,3
2018,12,Volcamiento,PUBLICO,MICROBUS,1
